code,chinese_name,latin_name,plant,part,role,filename,width_px,height_px,format,status,formal_hd_asset,sha256,source_title,source_page,source_width,source_height,author,license,license_url,source_query
BC.007,金银花,Lonicerae Japonicae Flos,Lonicera japonica,干燥花蕾或初开的花,hero,bc007-jinyinhua-hero-v1.webp,1122,1402,WEBP,formal_hd_asset,yes,6ee801b9712d7d940c1bd7e9aa5efb971a0afca3487683ce8fa204bd6c3fa094,File:Lonicera japonica flowers and pink buds - Fukufukurou.jpg,https://commons.wikimedia.org/wiki/File:Lonicera_japonica_flowers_and_pink_buds_-_Fukufukurou.jpg,3000,3000,Fukufukurou,CC BY-SA 4.0,https://creativecommons.org/licenses/by-sa/4.0,Lonicera japonica flower bud
BC.007,金银花,Lonicerae Japonicae Flos,Lonicera japonica,干燥花蕾或初开的花,specimen,bc007-jinyinhua-specimen-v1.webp,1122,1402,WEBP,formal_hd_asset,yes,3687f40624f132a36fa3c8cbb0c90ad312f31340de4b1efae83a6031f9445134,File:Honeysuckle flowers.jpg,https://commons.wikimedia.org/wiki/File:Honeysuckle_flowers.jpg,1280,856,"Bill T from Houston, USA",CC BY-SA 2.0,https://creativecommons.org/licenses/by-sa/2.0,Lonicera japonica flowers
BC.007,金银花,Lonicerae Japonicae Flos,Lonicera japonica,干燥花蕾或初开的花,detail-01,bc007-jinyinhua-detail-01-v1.webp,1122,1402,WEBP,formal_hd_asset,yes,29cfa14b080ae080e606a7cfb5e7f901ee2d79239349e63da0a85192d1d2af2c,File:Japanese Honeysuckle (Lonicera japonica) 1.jpg,https://commons.wikimedia.org/wiki/File:Japanese_Honeysuckle_(Lonicera_japonica)_1.jpg,3920,2204,Mokkie,CC BY-SA 3.0,https://creativecommons.org/licenses/by-sa/3.0,Japanese honeysuckle
BC.007,金银花,Lonicerae Japonicae Flos,Lonicera japonica,干燥花蕾或初开的花,detail-02,bc007-jinyinhua-detail-02-v1.webp,1122,1402,WEBP,formal_hd_asset,yes,c58237807c771a5ce8ab59b4caab856e52b2c78eed5a7072c291d0276bd5dd49,File:Lonicera japonica flowers and pink buds - Fukufukurou.jpg,https://commons.wikimedia.org/wiki/File:Lonicera_japonica_flowers_and_pink_buds_-_Fukufukurou.jpg,3000,3000,Fukufukurou,CC BY-SA 4.0,https://creativecommons.org/licenses/by-sa/4.0,Lonicera japonica flower bud
BC.007,金银花,Lonicerae Japonicae Flos,Lonicera japonica,干燥花蕾或初开的花,detail-03,bc007-jinyinhua-detail-03-v1.webp,1122,1402,WEBP,formal_hd_asset,yes,dcc375080e1401237981c3a627490f3aa732c5cc4d56b5a2c643dfbf7f902bbb,File:Honeysuckle flowers.jpg,https://commons.wikimedia.org/wiki/File:Honeysuckle_flowers.jpg,1280,856,"Bill T from Houston, USA",CC BY-SA 2.0,https://creativecommons.org/licenses/by-sa/2.0,Lonicera japonica flowers
BC.007,金银花,Lonicerae Japonicae Flos,Lonicera japonica,干燥花蕾或初开的花,detail-04,bc007-jinyinhua-detail-04-v1.webp,1122,1402,WEBP,formal_hd_asset,yes,f81748165bcec031ca3f3c8d79bbc8be2878cb97b74105400e722444659a99ca,File:Japanese Honeysuckle (Lonicera japonica) 1.jpg,https://commons.wikimedia.org/wiki/File:Japanese_Honeysuckle_(Lonicera_japonica)_1.jpg,3920,2204,Mokkie,CC BY-SA 3.0,https://creativecommons.org/licenses/by-sa/3.0,Japanese honeysuckle
BC.007,金银花,Lonicerae Japonicae Flos,Lonicera japonica,干燥花蕾或初开的花,detail-05,bc007-jinyinhua-detail-05-v1.webp,1122,1402,WEBP,formal_hd_asset,yes,b5c510c6fb61f2197167db6ccbf76a4f12ee1d6de53f66a756c7ae5daed92b10,File:Lonicera japonica flowers and pink buds - Fukufukurou.jpg,https://commons.wikimedia.org/wiki/File:Lonicera_japonica_flowers_and_pink_buds_-_Fukufukurou.jpg,3000,3000,Fukufukurou,CC BY-SA 4.0,https://creativecommons.org/licenses/by-sa/4.0,Lonicera japonica flower bud
BC.008,山楂,Crataegi Fructus,Crataegus pinnatifida,干燥成熟果实,hero,bc008-shanzha-hero-v1.webp,1122,1402,WEBP,formal_hd_asset,yes,a6372aaf02cd52d83ef5f92d249d017425d5818ee996bd8986182118d9ac166e,File:HawthornFruit.JPG,https://commons.wikimedia.org/wiki/File:HawthornFruit.JPG,1920,2560,Yongxinge,CC BY-SA 3.0,http://creativecommons.org/licenses/by-sa/3.0/,Crataegus pinnatifida fruit
BC.008,山楂,Crataegi Fructus,Crataegus pinnatifida,干燥成熟果实,specimen,bc008-shanzha-specimen-v1.webp,1122,1402,WEBP,formal_hd_asset,yes,c3a4d62022e18da1dec1d97f550ad2edece704378c112f3ab1ce55b928426095,File:HK herbal 山楂片 sliced Shan Zha cooked Crataegus pinnatifida Bung October 2025 N13P.jpg,https://commons.wikimedia.org/wiki/File:HK_herbal_%E5%B1%B1%E6%A5%82%E7%89%87_sliced_Shan_Zha_cooked_Crataegus_pinnatifida_Bung_October_2025_N13P.jpg,4080,3060,SZE XAIMMOOA HONGMIN,CC0,http://creativecommons.org/publicdomain/zero/1.0/deed.en,Crataegus pinnatifida
BC.008,山楂,Crataegi Fructus,Crataegus pinnatifida,干燥成熟果实,detail-01,bc008-shanzha-detail-01-v1.webp,1122,1402,WEBP,formal_hd_asset,yes,7c4bd4d8f0634bb8d61694a9cbd21eed2be94b6679604321b3c3d1489cab3b4e,"File:Crataegus pinnatifida fruit (detail), Yongin.jpg","https://commons.wikimedia.org/wiki/File:Crataegus_pinnatifida_fruit_(detail),_Yongin.jpg",1600,1200,No machine-readable author provided. PuzzletChung assumed (based on copyright claims).,Public domain,,Crataegus pinnatifida fruit
BC.008,山楂,Crataegi Fructus,Crataegus pinnatifida,干燥成熟果实,detail-02,bc008-shanzha-detail-02-v1.webp,1122,1402,WEBP,formal_hd_asset,yes,adfd3073faa49745a73a910579adfda8320baf8976a1ae9b5784c9d9cdd21ab8,File:HawthornFruit.JPG,https://commons.wikimedia.org/wiki/File:HawthornFruit.JPG,1920,2560,Yongxinge,CC BY-SA 3.0,http://creativecommons.org/licenses/by-sa/3.0/,Crataegus pinnatifida fruit
BC.008,山楂,Crataegi Fructus,Crataegus pinnatifida,干燥成熟果实,detail-03,bc008-shanzha-detail-03-v1.webp,1122,1402,WEBP,formal_hd_asset,yes,6394ba947b5bbd8f676f575b4bb96dbb8ce2dea952c176b877259d3ab537a1d3,File:HK herbal 山楂片 sliced Shan Zha cooked Crataegus pinnatifida Bung October 2025 N13P.jpg,https://commons.wikimedia.org/wiki/File:HK_herbal_%E5%B1%B1%E6%A5%82%E7%89%87_sliced_Shan_Zha_cooked_Crataegus_pinnatifida_Bung_October_2025_N13P.jpg,4080,3060,SZE XAIMMOOA HONGMIN,CC0,http://creativecommons.org/publicdomain/zero/1.0/deed.en,Crataegus pinnatifida
BC.008,山楂,Crataegi Fructus,Crataegus pinnatifida,干燥成熟果实,detail-04,bc008-shanzha-detail-04-v1.webp,1122,1402,WEBP,formal_hd_asset,yes,2f7b06e8f006bfab04e6ca29b6b100c7adc3bf5a421f67bd15a861f6ef29faa8,"File:Crataegus pinnatifida fruit (detail), Yongin.jpg","https://commons.wikimedia.org/wiki/File:Crataegus_pinnatifida_fruit_(detail),_Yongin.jpg",1600,1200,No machine-readable author provided. PuzzletChung assumed (based on copyright claims).,Public domain,,Crataegus pinnatifida fruit
BC.008,山楂,Crataegi Fructus,Crataegus pinnatifida,干燥成熟果实,detail-05,bc008-shanzha-detail-05-v1.webp,1122,1402,WEBP,formal_hd_asset,yes,8221a64e0ef4d06805022511a03cd1c82d56741c7fad561246fa50e9b8cd5ded,File:HawthornFruit.JPG,https://commons.wikimedia.org/wiki/File:HawthornFruit.JPG,1920,2560,Yongxinge,CC BY-SA 3.0,http://creativecommons.org/licenses/by-sa/3.0/,Crataegus pinnatifida fruit
BC.009,甘草,Glycyrrhizae Radix et Rhizoma,Glycyrrhiza uralensis,干燥根和根茎,hero,bc009-gancao-hero-v1.webp,1122,1402,WEBP,formal_hd_asset,yes,3bdddc1a3e162ea85571dbe519dec33f81cdd98e9d47cfee6e13d10ddf1703cd,File:Glycyrrhiza glabra (Pile of Spanish wood chips).jpg,https://commons.wikimedia.org/wiki/File:Glycyrrhiza_glabra_(Pile_of_Spanish_wood_chips).jpg,1307,1465,Erin Silversmith,CC BY-SA 4.0,https://creativecommons.org/licenses/by-sa/4.0,Glycyrrhiza uralensis root
BC.009,甘草,Glycyrrhizae Radix et Rhizoma,Glycyrrhiza uralensis,干燥根和根茎,specimen,bc009-gancao-specimen-v1.webp,1122,1402,WEBP,formal_hd_asset,yes,1613eb7f27f94c2ec2395830ab80ab27bf5b36171b7d518178b5af750e960f5a,File:Inner Mongolia Ulanqab Liuyepianhong licorice slices.jpg,https://commons.wikimedia.org/wiki/File:Inner_Mongolia_Ulanqab_Liuyepianhong_licorice_slices.jpg,3000,3000,Fumikas Sagisavas,CC0,http://creativecommons.org/publicdomain/zero/1.0/deed.en,Glycyrrhiza uralensis licorice slices
BC.009,甘草,Glycyrrhizae Radix et Rhizoma,Glycyrrhiza uralensis,干燥根和根茎,detail-01,bc009-gancao-detail-01-v1.webp,1122,1402,WEBP,formal_hd_asset,yes,2aab0517951065f11f9a3fd5eac52f4a01f234d4760780bb3ba47b9bc9443ccf,File:Licorice slices.jpg,https://commons.wikimedia.org/wiki/File:Licorice_slices.jpg,3000,3000,Fumikas Sagisavas,CC0,http://creativecommons.org/publicdomain/zero/1.0/deed.en,Glycyrrhiza uralensis licorice slices
BC.009,甘草,Glycyrrhizae Radix et Rhizoma,Glycyrrhiza uralensis,干燥根和根茎,detail-02,bc009-gancao-detail-02-v1.webp,1122,1402,WEBP,formal_hd_asset,yes,6e6b281b95891b63afbe8a8af8733885b308ffe2848189edf5d6d247110b2539,File:Glycyrrhiza glabra (Pile of Spanish wood chips).jpg,https://commons.wikimedia.org/wiki/File:Glycyrrhiza_glabra_(Pile_of_Spanish_wood_chips).jpg,1307,1465,Erin Silversmith,CC BY-SA 4.0,https://creativecommons.org/licenses/by-sa/4.0,Glycyrrhiza uralensis root
BC.009,甘草,Glycyrrhizae Radix et Rhizoma,Glycyrrhiza uralensis,干燥根和根茎,detail-03,bc009-gancao-detail-03-v1.webp,1122,1402,WEBP,formal_hd_asset,yes,36ee39e03e85d369349b25f68c8cc3e338e9b1b67286d7ced561e35177fd6cb4,File:Inner Mongolia Ulanqab Liuyepianhong licorice slices.jpg,https://commons.wikimedia.org/wiki/File:Inner_Mongolia_Ulanqab_Liuyepianhong_licorice_slices.jpg,3000,3000,Fumikas Sagisavas,CC0,http://creativecommons.org/publicdomain/zero/1.0/deed.en,Glycyrrhiza uralensis licorice slices
BC.009,甘草,Glycyrrhizae Radix et Rhizoma,Glycyrrhiza uralensis,干燥根和根茎,detail-04,bc009-gancao-detail-04-v1.webp,1122,1402,WEBP,formal_hd_asset,yes,516913e1bc48ce1adb67d263eb3f3d6bbb02ef012be667c9060f6721ae5829f9,File:Licorice slices.jpg,https://commons.wikimedia.org/wiki/File:Licorice_slices.jpg,3000,3000,Fumikas Sagisavas,CC0,http://creativecommons.org/publicdomain/zero/1.0/deed.en,Glycyrrhiza uralensis licorice slices
BC.009,甘草,Glycyrrhizae Radix et Rhizoma,Glycyrrhiza uralensis,干燥根和根茎,detail-05,bc009-gancao-detail-05-v1.webp,1122,1402,WEBP,formal_hd_asset,yes,44468e003ce7f26fa5bf32bbffc96ad7d10dbad2e520ebb1aa903d8790b22826,File:Glycyrrhiza glabra (Pile of Spanish wood chips).jpg,https://commons.wikimedia.org/wiki/File:Glycyrrhiza_glabra_(Pile_of_Spanish_wood_chips).jpg,1307,1465,Erin Silversmith,CC BY-SA 4.0,https://creativecommons.org/licenses/by-sa/4.0,Glycyrrhiza uralensis root
BC.010,当归,Angelicae Sinensis Radix,Angelica sinensis,干燥根,hero,bc010-danggui-hero-v1.webp,1122,1402,WEBP,formal_hd_asset,yes,17082f08e009c01f7e000a64e87fc63a6d1e10166df954d4422884c11d034660,File:Dried angelica slices (2).jpg,https://commons.wikimedia.org/wiki/File:Dried_angelica_slices_(2).jpg,3000,3000,Fumikas Sagisavas,CC0,http://creativecommons.org/publicdomain/zero/1.0/deed.en,Dried angelica slices
BC.010,当归,Angelicae Sinensis Radix,Angelica sinensis,干燥根,specimen,bc010-danggui-specimen-v1.webp,1122,1402,WEBP,formal_hd_asset,yes,5850967322379c25478bbcfaaaa946184b8846a7a88b8969304d4e9c33a7a4da,File:Dried angelica slices (2).jpg,https://commons.wikimedia.org/wiki/File:Dried_angelica_slices_(2).jpg,3000,3000,Fumikas Sagisavas,CC0,http://creativecommons.org/publicdomain/zero/1.0/deed.en,Dried angelica slices
BC.010,当归,Angelicae Sinensis Radix,Angelica sinensis,干燥根,detail-01,bc010-danggui-detail-01-v1.webp,1122,1402,WEBP,formal_hd_asset,yes,69dfd090ed26b19efa697b4ae61c1379c8fc65ac4bddbc1bb086f8910592c2a2,File:Dried angelica slices (2).jpg,https://commons.wikimedia.org/wiki/File:Dried_angelica_slices_(2).jpg,3000,3000,Fumikas Sagisavas,CC0,http://creativecommons.org/publicdomain/zero/1.0/deed.en,Dried angelica slices
BC.010,当归,Angelicae Sinensis Radix,Angelica sinensis,干燥根,detail-02,bc010-danggui-detail-02-v1.webp,1122,1402,WEBP,formal_hd_asset,yes,b58ac8d92dc14479c37c6755e39571cad92c43b9b7e9c88652dabc22d8110b4c,File:Dried angelica slices (2).jpg,https://commons.wikimedia.org/wiki/File:Dried_angelica_slices_(2).jpg,3000,3000,Fumikas Sagisavas,CC0,http://creativecommons.org/publicdomain/zero/1.0/deed.en,Dried angelica slices
BC.010,当归,Angelicae Sinensis Radix,Angelica sinensis,干燥根,detail-03,bc010-danggui-detail-03-v1.webp,1122,1402,WEBP,formal_hd_asset,yes,ca6d8a03c12f2dbb402c43cca28d52be3da2861704717cf773349bc0307cb0c2,File:Dried angelica slices (2).jpg,https://commons.wikimedia.org/wiki/File:Dried_angelica_slices_(2).jpg,3000,3000,Fumikas Sagisavas,CC0,http://creativecommons.org/publicdomain/zero/1.0/deed.en,Dried angelica slices
BC.010,当归,Angelicae Sinensis Radix,Angelica sinensis,干燥根,detail-04,bc010-danggui-detail-04-v1.webp,1122,1402,WEBP,formal_hd_asset,yes,687807df512242ac8f6d4efa8afcb80d42af34de3610a5d05aeac6b2d553e867,File:Dried angelica slices (2).jpg,https://commons.wikimedia.org/wiki/File:Dried_angelica_slices_(2).jpg,3000,3000,Fumikas Sagisavas,CC0,http://creativecommons.org/publicdomain/zero/1.0/deed.en,Dried angelica slices
BC.010,当归,Angelicae Sinensis Radix,Angelica sinensis,干燥根,detail-05,bc010-danggui-detail-05-v1.webp,1122,1402,WEBP,formal_hd_asset,yes,244d64e225ae224a150cff8e28d88a409746f51ae98b477d2e22b8a7d6b9bf16,File:Dried angelica slices (2).jpg,https://commons.wikimedia.org/wiki/File:Dried_angelica_slices_(2).jpg,3000,3000,Fumikas Sagisavas,CC0,http://creativecommons.org/publicdomain/zero/1.0/deed.en,Dried angelica slices
BC.011,黄芪,Astragali Radix,Astragalus mongholicus,干燥根,hero,bc011-huangqi-hero-v1.webp,1122,1402,WEBP,formal_hd_asset,yes,be852538c254e1b33dd97eb8ab7c22b575250ea28bab792f8eb24982046918e8,File:HK herbal 黃芪 dried Astragalus mongholicus slices October 2025 N13P 01.jpg,https://commons.wikimedia.org/wiki/File:HK_herbal_%E9%BB%83%E8%8A%AA_dried_Astragalus_mongholicus_slices_October_2025_N13P_01.jpg,4080,3060,SZE XAIMMOOA HONGMIN,CC0,http://creativecommons.org/publicdomain/zero/1.0/deed.en,Astragalus mongholicus
BC.011,黄芪,Astragali Radix,Astragalus mongholicus,干燥根,specimen,bc011-huangqi-specimen-v1.webp,1122,1402,WEBP,formal_hd_asset,yes,d1c1086e34a43ab58d9623cf5fb90ac2c754e5e7a282fb8e171205bbffec25dc,File:HK herbal 黃芪 dried Astragalus mongholicus slices October 2025 N13P 02.jpg,https://commons.wikimedia.org/wiki/File:HK_herbal_%E9%BB%83%E8%8A%AA_dried_Astragalus_mongholicus_slices_October_2025_N13P_02.jpg,4080,3060,SZE XAIMMOOA HONGMIN,CC0,http://creativecommons.org/publicdomain/zero/1.0/deed.en,Astragalus mongholicus
BC.011,黄芪,Astragali Radix,Astragalus mongholicus,干燥根,detail-01,bc011-huangqi-detail-01-v1.webp,1122,1402,WEBP,formal_hd_asset,yes,4fc22b6d5b6c5006438c31815accdb3b3f7eff0ff3a0c48c92e486091c61fc1d,File:HK herbal 黃芪 dried Astragalus mongholicus slices October 2025 N13P 03.jpg,https://commons.wikimedia.org/wiki/File:HK_herbal_%E9%BB%83%E8%8A%AA_dried_Astragalus_mongholicus_slices_October_2025_N13P_03.jpg,4080,3060,SZE XAIMMOOA HONGMIN,CC0,http://creativecommons.org/publicdomain/zero/1.0/deed.en,Astragalus mongholicus
BC.011,黄芪,Astragali Radix,Astragalus mongholicus,干燥根,detail-02,bc011-huangqi-detail-02-v1.webp,1122,1402,WEBP,formal_hd_asset,yes,89f6e4de348e37b3b1e959a3a639ee9cd1468d4a144372c7b0d32fdb655de5c0,File:HK herbal 黃芪 dried Astragalus mongholicus slices October 2025 N13P 01.jpg,https://commons.wikimedia.org/wiki/File:HK_herbal_%E9%BB%83%E8%8A%AA_dried_Astragalus_mongholicus_slices_October_2025_N13P_01.jpg,4080,3060,SZE XAIMMOOA HONGMIN,CC0,http://creativecommons.org/publicdomain/zero/1.0/deed.en,Astragalus mongholicus
BC.011,黄芪,Astragali Radix,Astragalus mongholicus,干燥根,detail-03,bc011-huangqi-detail-03-v1.webp,1122,1402,WEBP,formal_hd_asset,yes,34efd919ed7fe19ef62f792c32d696ee3eb4e72c41fef92f42263d23e268151f,File:HK herbal 黃芪 dried Astragalus mongholicus slices October 2025 N13P 02.jpg,https://commons.wikimedia.org/wiki/File:HK_herbal_%E9%BB%83%E8%8A%AA_dried_Astragalus_mongholicus_slices_October_2025_N13P_02.jpg,4080,3060,SZE XAIMMOOA HONGMIN,CC0,http://creativecommons.org/publicdomain/zero/1.0/deed.en,Astragalus mongholicus
BC.011,黄芪,Astragali Radix,Astragalus mongholicus,干燥根,detail-04,bc011-huangqi-detail-04-v1.webp,1122,1402,WEBP,formal_hd_asset,yes,6e71988292bc6b82747705c5083c1b8edf016f0f05f2a5442b4602abac0088fd,File:HK herbal 黃芪 dried Astragalus mongholicus slices October 2025 N13P 03.jpg,https://commons.wikimedia.org/wiki/File:HK_herbal_%E9%BB%83%E8%8A%AA_dried_Astragalus_mongholicus_slices_October_2025_N13P_03.jpg,4080,3060,SZE XAIMMOOA HONGMIN,CC0,http://creativecommons.org/publicdomain/zero/1.0/deed.en,Astragalus mongholicus
BC.011,黄芪,Astragali Radix,Astragalus mongholicus,干燥根,detail-05,bc011-huangqi-detail-05-v1.webp,1122,1402,WEBP,formal_hd_asset,yes,a810b92cbc0c66fcd2977c9f27535d9a9dd65f4637aaf54686c57346c5ae8804,File:HK herbal 黃芪 dried Astragalus mongholicus slices October 2025 N13P 01.jpg,https://commons.wikimedia.org/wiki/File:HK_herbal_%E9%BB%83%E8%8A%AA_dried_Astragalus_mongholicus_slices_October_2025_N13P_01.jpg,4080,3060,SZE XAIMMOOA HONGMIN,CC0,http://creativecommons.org/publicdomain/zero/1.0/deed.en,Astragalus mongholicus
BC.012,茯苓,Poria,Wolfiporia cocos,干燥菌核,hero,bc012-fuling-hero-v1.webp,1122,1402,WEBP,formal_hd_asset,yes,6d294a2e872d96735e6a4a6c4a48f60bf40200293298f283e98d8d9919395362,File:Tuckahoe.jpg,https://commons.wikimedia.org/wiki/File:Tuckahoe.jpg,1280,1024,Trappem at English Wikipedia,Public domain,,manual exact title
BC.012,茯苓,Poria,Wolfiporia cocos,干燥菌核,specimen,bc012-fuling-specimen-v1.webp,1122,1402,WEBP,formal_hd_asset,yes,9f617ca3da21755ccd7893043df805b4f1e9afb4616b2d2caf2480ff2367767d,File:Wolfiporia extensa cube.jpg,https://commons.wikimedia.org/wiki/File:Wolfiporia_extensa_cube.jpg,2448,2448,François Nguyen,CC BY 2.0,https://creativecommons.org/licenses/by/2.0,manual exact title
BC.012,茯苓,Poria,Wolfiporia cocos,干燥菌核,detail-01,bc012-fuling-detail-01-v1.webp,1122,1402,WEBP,formal_hd_asset,yes,25ee063b289b33a492fd293c32e6a90065b43fb27b64b85269aec20d9e5ba951,File:HK 中藥材 herb 土茯苓 Wolfiporia extensa December 2020 SS2 01.jpg,https://commons.wikimedia.org/wiki/File:HK_%E4%B8%AD%E8%97%A5%E6%9D%90_herb_%E5%9C%9F%E8%8C%AF%E8%8B%93_Wolfiporia_extensa_December_2020_SS2_01.jpg,3096,4128,Pangou Zheam 783,CC BY-SA 4.0,https://creativecommons.org/licenses/by-sa/4.0,Wolfiporia cocos
BC.012,茯苓,Poria,Wolfiporia cocos,干燥菌核,detail-02,bc012-fuling-detail-02-v1.webp,1122,1402,WEBP,formal_hd_asset,yes,ef5cab63278bb5f34a108f1c57f60aabc2f39faaaf3c92775036dad369591470,File:Tuckahoe.jpg,https://commons.wikimedia.org/wiki/File:Tuckahoe.jpg,1280,1024,Trappem at English Wikipedia,Public domain,,manual exact title
BC.012,茯苓,Poria,Wolfiporia cocos,干燥菌核,detail-03,bc012-fuling-detail-03-v1.webp,1122,1402,WEBP,formal_hd_asset,yes,3a4d54cfcadcc88c94b460ae6ad58403eb122273ffff8f5407a4dfdec10ea224,File:Wolfiporia extensa cube.jpg,https://commons.wikimedia.org/wiki/File:Wolfiporia_extensa_cube.jpg,2448,2448,François Nguyen,CC BY 2.0,https://creativecommons.org/licenses/by/2.0,manual exact title
BC.012,茯苓,Poria,Wolfiporia cocos,干燥菌核,detail-04,bc012-fuling-detail-04-v1.webp,1122,1402,WEBP,formal_hd_asset,yes,3308ac881cd384ddef1013eb1100ce87f4746774c8f8861d07b19efa59c47b29,File:HK 中藥材 herb 土茯苓 Wolfiporia extensa December 2020 SS2 01.jpg,https://commons.wikimedia.org/wiki/File:HK_%E4%B8%AD%E8%97%A5%E6%9D%90_herb_%E5%9C%9F%E8%8C%AF%E8%8B%93_Wolfiporia_extensa_December_2020_SS2_01.jpg,3096,4128,Pangou Zheam 783,CC BY-SA 4.0,https://creativecommons.org/licenses/by-sa/4.0,Wolfiporia cocos
BC.012,茯苓,Poria,Wolfiporia cocos,干燥菌核,detail-05,bc012-fuling-detail-05-v1.webp,1122,1402,WEBP,formal_hd_asset,yes,cf7cbb0bf0a1757f1f9691aad1ab3d25103631e5d439d6500c5e59f6e392d1f9,File:Tuckahoe.jpg,https://commons.wikimedia.org/wiki/File:Tuckahoe.jpg,1280,1024,Trappem at English Wikipedia,Public domain,,manual exact title
BC.013,薏苡仁,Coicis Semen,Coix lacryma-jobi var. ma-yuen,干燥成熟种仁,hero,bc013-yiyiren-hero-v1.webp,1122,1402,WEBP,formal_hd_asset,yes,655a12efc209447311b000a97b405a0757f5fbf370d93f2ea3a6197551b4e1ed,File:Coix lacryma-jobi MHNT.BOT.2016.12.1.jpg,https://commons.wikimedia.org/wiki/File:Coix_lacryma-jobi_MHNT.BOT.2016.12.1.jpg,4776,3184,Roger Culos,CC BY-SA 4.0,https://creativecommons.org/licenses/by-sa/4.0,Coix lacryma-jobi seed
BC.013,薏苡仁,Coicis Semen,Coix lacryma-jobi var. ma-yuen,干燥成熟种仁,specimen,bc013-yiyiren-specimen-v1.webp,1122,1402,WEBP,formal_hd_asset,yes,9082a87f7fa9e93fd4f07d1be4aaf58962f1d4816c15204fae790e3ca5d237a6,File:Seeds of Coix lacryma-jobi.jpg,https://commons.wikimedia.org/wiki/File:Seeds_of_Coix_lacryma-jobi.jpg,3496,3288,Lionel Allorge,CC BY-SA 3.0,https://creativecommons.org/licenses/by-sa/3.0,Coix lacryma-jobi seed
BC.013,薏苡仁,Coicis Semen,Coix lacryma-jobi var. ma-yuen,干燥成熟种仁,detail-01,bc013-yiyiren-detail-01-v1.webp,1122,1402,WEBP,formal_hd_asset,yes,59aa9fb9ad66f070c4b5a85d541b372481af692c06dbfb5652e86a103061c3e8,File:Coix lacryma-jobi.jpg,https://commons.wikimedia.org/wiki/File:Coix_lacryma-jobi.jpg,3000,4000,Craigallan.za,CC BY-SA 4.0,https://creativecommons.org/licenses/by-sa/4.0,Coix lacryma-jobi seed
BC.013,薏苡仁,Coicis Semen,Coix lacryma-jobi var. ma-yuen,干燥成熟种仁,detail-02,bc013-yiyiren-detail-02-v1.webp,1122,1402,WEBP,formal_hd_asset,yes,ce2742845ad63701aa9460355e55dc5f65d692d4c815cbfe59a0d344277b81e8,File:Coix lacryma-jobi MHNT.BOT.2016.12.1.jpg,https://commons.wikimedia.org/wiki/File:Coix_lacryma-jobi_MHNT.BOT.2016.12.1.jpg,4776,3184,Roger Culos,CC BY-SA 4.0,https://creativecommons.org/licenses/by-sa/4.0,Coix lacryma-jobi seed
BC.013,薏苡仁,Coicis Semen,Coix lacryma-jobi var. ma-yuen,干燥成熟种仁,detail-03,bc013-yiyiren-detail-03-v1.webp,1122,1402,WEBP,formal_hd_asset,yes,551edc4618d017ccadd364b5cc607afdc624dae6f7e382483b43ceddf6a500a4,File:Seeds of Coix lacryma-jobi.jpg,https://commons.wikimedia.org/wiki/File:Seeds_of_Coix_lacryma-jobi.jpg,3496,3288,Lionel Allorge,CC BY-SA 3.0,https://creativecommons.org/licenses/by-sa/3.0,Coix lacryma-jobi seed
BC.013,薏苡仁,Coicis Semen,Coix lacryma-jobi var. ma-yuen,干燥成熟种仁,detail-04,bc013-yiyiren-detail-04-v1.webp,1122,1402,WEBP,formal_hd_asset,yes,fa4f58d664b1ae8383df8561a7cd882679e08fad0e199b8e3bcb455466f700fe,File:Coix lacryma-jobi.jpg,https://commons.wikimedia.org/wiki/File:Coix_lacryma-jobi.jpg,3000,4000,Craigallan.za,CC BY-SA 4.0,https://creativecommons.org/licenses/by-sa/4.0,Coix lacryma-jobi seed
BC.013,薏苡仁,Coicis Semen,Coix lacryma-jobi var. ma-yuen,干燥成熟种仁,detail-05,bc013-yiyiren-detail-05-v1.webp,1122,1402,WEBP,formal_hd_asset,yes,d5af9fa7b7c37d26a4e34c2271cdd36a513abcf267036570c8ef51a042ee48b9,File:Coix lacryma-jobi MHNT.BOT.2016.12.1.jpg,https://commons.wikimedia.org/wiki/File:Coix_lacryma-jobi_MHNT.BOT.2016.12.1.jpg,4776,3184,Roger Culos,CC BY-SA 4.0,https://creativecommons.org/licenses/by-sa/4.0,Coix lacryma-jobi seed
BC.014,莲子,Nelumbinis Semen,Nelumbo nucifera,干燥成熟种子,hero,bc014-lianzi-hero-v1.webp,1122,1402,WEBP,formal_hd_asset,yes,8ea507f869a0362e656493c1b64b19c892984a1d9006f7a68356da89ad020237,File:Dried red lotus seeds (20240910).jpg,https://commons.wikimedia.org/wiki/File:Dried_red_lotus_seeds_(20240910).jpg,3000,3000,Fumikas Sagisavas,CC0,http://creativecommons.org/publicdomain/zero/1.0/deed.en,Nelumbo nucifera seed
BC.014,莲子,Nelumbinis Semen,Nelumbo nucifera,干燥成熟种子,specimen,bc014-lianzi-specimen-v1.webp,1122,1402,WEBP,formal_hd_asset,yes,61acc9b9ccb34efcdcbd04b00b1511212e2079c4cbb3b013d710a474221a2c5c,File:Dried red lotus seeds.jpg,https://commons.wikimedia.org/wiki/File:Dried_red_lotus_seeds.jpg,3000,3000,Fumikas Sagisavas,CC0,http://creativecommons.org/publicdomain/zero/1.0/deed.en,Nelumbo nucifera seed
BC.014,莲子,Nelumbinis Semen,Nelumbo nucifera,干燥成熟种子,detail-01,bc014-lianzi-detail-01-v1.webp,1122,1402,WEBP,formal_hd_asset,yes,bd12d41a220a457427fb6dcbcc72818bab0a382eade5ce0f9edd0e39298c6bd7,File:Semena lotosu indického.jpg,https://commons.wikimedia.org/wiki/File:Semena_lotosu_indick%C3%A9ho.jpg,6000,4000,Topi Pigula,CC BY-SA 4.0,https://creativecommons.org/licenses/by-sa/4.0,Nelumbo nucifera seed
BC.014,莲子,Nelumbinis Semen,Nelumbo nucifera,干燥成熟种子,detail-02,bc014-lianzi-detail-02-v1.webp,1122,1402,WEBP,formal_hd_asset,yes,b6d2dd1cabdeab7c415f9a544a874311dfc7f19e12cf66e2f1767ed04cd1741a,File:Dried red lotus seeds (20240910).jpg,https://commons.wikimedia.org/wiki/File:Dried_red_lotus_seeds_(20240910).jpg,3000,3000,Fumikas Sagisavas,CC0,http://creativecommons.org/publicdomain/zero/1.0/deed.en,Nelumbo nucifera seed
BC.014,莲子,Nelumbinis Semen,Nelumbo nucifera,干燥成熟种子,detail-03,bc014-lianzi-detail-03-v1.webp,1122,1402,WEBP,formal_hd_asset,yes,f17e84153f09969e79931d92c2a24599b9590932db7d387dfdf024d9979e0513,File:Dried red lotus seeds.jpg,https://commons.wikimedia.org/wiki/File:Dried_red_lotus_seeds.jpg,3000,3000,Fumikas Sagisavas,CC0,http://creativecommons.org/publicdomain/zero/1.0/deed.en,Nelumbo nucifera seed
BC.014,莲子,Nelumbinis Semen,Nelumbo nucifera,干燥成熟种子,detail-04,bc014-lianzi-detail-04-v1.webp,1122,1402,WEBP,formal_hd_asset,yes,2bd57a465fdbf1e8a59b72955595fdcaca85ee93a06155a6078716e4a826e318,File:Semena lotosu indického.jpg,https://commons.wikimedia.org/wiki/File:Semena_lotosu_indick%C3%A9ho.jpg,6000,4000,Topi Pigula,CC BY-SA 4.0,https://creativecommons.org/licenses/by-sa/4.0,Nelumbo nucifera seed
BC.014,莲子,Nelumbinis Semen,Nelumbo nucifera,干燥成熟种子,detail-05,bc014-lianzi-detail-05-v1.webp,1122,1402,WEBP,formal_hd_asset,yes,2be3e08ea312df8b1fb342b5372986e394caaa440cf60faaf6fa6d402a951341,File:Dried red lotus seeds (20240910).jpg,https://commons.wikimedia.org/wiki/File:Dried_red_lotus_seeds_(20240910).jpg,3000,3000,Fumikas Sagisavas,CC0,http://creativecommons.org/publicdomain/zero/1.0/deed.en,Nelumbo nucifera seed
BC.015,决明子,Cassiae Semen,Senna obtusifolia / Senna tora,干燥成熟种子,hero,bc015-juemingzi-hero-v1.webp,1122,1402,WEBP,formal_hd_asset,yes,8efea118e9ec9e00b0ee37ddb718d924f208b27ca489a05ac17e22d961633a30,File:தகரை2.jpg,https://commons.wikimedia.org/wiki/File:%E0%AE%A4%E0%AE%95%E0%AE%B0%E0%AF%882.jpg,1920,2560,"Dr.S.Soundarapandian S.Soundarapandian ( talk ) 09:57, 30 November 2013 (UTC)",Public domain,,Cassia tora seed
BC.015,决明子,Cassiae Semen,Senna obtusifolia / Senna tora,干燥成熟种子,specimen,bc015-juemingzi-specimen-v1.webp,1122,1402,WEBP,formal_hd_asset,yes,b47a33ee4fdba6bd09823b7b08df7ecb338994a7d7c300dd6caa22243ee34588,File:Cassia seeds.jpg,https://commons.wikimedia.org/wiki/File:Cassia_seeds.jpg,2448,2448,Fumikas Sagisavas,CC0,http://creativecommons.org/publicdomain/zero/1.0/deed.en,Senna obtusifolia seed
BC.015,决明子,Cassiae Semen,Senna obtusifolia / Senna tora,干燥成熟种子,detail-01,bc015-juemingzi-detail-01-v1.webp,1122,1402,WEBP,formal_hd_asset,yes,ba9226f0ffe501523a43196be9f86852a87220be0c357730cbf0cdec8e4d7613,File:தகரை3.jpg,https://commons.wikimedia.org/wiki/File:%E0%AE%A4%E0%AE%95%E0%AE%B0%E0%AF%883.jpg,1920,2560,"Dr.S.Soundarapandian S.Soundarapandian ( talk ) 10:16, 30 November 2013 (UTC)",Public domain,,Senna tora seed
BC.015,决明子,Cassiae Semen,Senna obtusifolia / Senna tora,干燥成熟种子,detail-02,bc015-juemingzi-detail-02-v1.webp,1122,1402,WEBP,formal_hd_asset,yes,1a15f7be8bfe652d00abddc6b688eb2293c2a93da56f82c9f2e14d62bfaf75aa,File:தகரை2.jpg,https://commons.wikimedia.org/wiki/File:%E0%AE%A4%E0%AE%95%E0%AE%B0%E0%AF%882.jpg,1920,2560,"Dr.S.Soundarapandian S.Soundarapandian ( talk ) 09:57, 30 November 2013 (UTC)",Public domain,,Cassia tora seed
BC.015,决明子,Cassiae Semen,Senna obtusifolia / Senna tora,干燥成熟种子,detail-03,bc015-juemingzi-detail-03-v1.webp,1122,1402,WEBP,formal_hd_asset,yes,7edf59973daefbda4c2b2b5720093b2686b64166f61658bc1c47e723b50938ee,File:Cassia seeds.jpg,https://commons.wikimedia.org/wiki/File:Cassia_seeds.jpg,2448,2448,Fumikas Sagisavas,CC0,http://creativecommons.org/publicdomain/zero/1.0/deed.en,Senna obtusifolia seed
BC.015,决明子,Cassiae Semen,Senna obtusifolia / Senna tora,干燥成熟种子,detail-04,bc015-juemingzi-detail-04-v1.webp,1122,1402,WEBP,formal_hd_asset,yes,73d5952df801fccf86d0a8aacf8623a5c9517844c6c510b4175eb5a6c3a0084c,File:தகரை3.jpg,https://commons.wikimedia.org/wiki/File:%E0%AE%A4%E0%AE%95%E0%AE%B0%E0%AF%883.jpg,1920,2560,"Dr.S.Soundarapandian S.Soundarapandian ( talk ) 10:16, 30 November 2013 (UTC)",Public domain,,Senna tora seed
BC.015,决明子,Cassiae Semen,Senna obtusifolia / Senna tora,干燥成熟种子,detail-05,bc015-juemingzi-detail-05-v1.webp,1122,1402,WEBP,formal_hd_asset,yes,e52e8375f7517b8b4c3a544a241e5d12f8c48e703d3148eb7de0c559007bdab7,File:தகரை2.jpg,https://commons.wikimedia.org/wiki/File:%E0%AE%A4%E0%AE%95%E0%AE%B0%E0%AF%882.jpg,1920,2560,"Dr.S.Soundarapandian S.Soundarapandian ( talk ) 09:57, 30 November 2013 (UTC)",Public domain,,Cassia tora seed
BC.016,大枣,Jujubae Fructus,Ziziphus jujuba,干燥成熟果实,hero,bc016-dazao-hero-v1.webp,1122,1402,WEBP,formal_hd_asset,yes,098de74874362e3239e5bd5d8ba44c2ea0a2c1996ef9423ef89632a5816302e7,File:Ziziphus zizyphus MHNT.BOT.2012.10.26.jpg,https://commons.wikimedia.org/wiki/File:Ziziphus_zizyphus_MHNT.BOT.2012.10.26.jpg,3540,2746,Roger Culos,CC BY-SA 3.0,https://creativecommons.org/licenses/by-sa/3.0,Ziziphus jujuba dried fruit
BC.016,大枣,Jujubae Fructus,Ziziphus jujuba,干燥成熟果实,specimen,bc016-dazao-specimen-v1.webp,1122,1402,WEBP,formal_hd_asset,yes,35a6b98d8756cbd46011c24a05418a2806e6a6d397f89e874f52e2e2fad84032,File:Jujube cross section.jpg,https://commons.wikimedia.org/wiki/File:Jujube_cross_section.jpg,4608,3072,SilverBullet X,CC0,http://creativecommons.org/publicdomain/zero/1.0/deed.en,Ziziphus jujuba fruit
BC.016,大枣,Jujubae Fructus,Ziziphus jujuba,干燥成熟果实,detail-01,bc016-dazao-detail-01-v1.webp,1122,1402,WEBP,formal_hd_asset,yes,da7ae117c84efe7208f9d191f933f8bafa1322bc55754c8c3b37555a6e5acb43,File:Basket of Ziziphus jujuba (fruit) 20170115.jpg,https://commons.wikimedia.org/wiki/File:Basket_of_Ziziphus_jujuba_(fruit)_20170115.jpg,2824,2824,Abhijitgogoi22,CC BY-SA 4.0,https://creativecommons.org/licenses/by-sa/4.0,Ziziphus jujuba dried fruit
BC.016,大枣,Jujubae Fructus,Ziziphus jujuba,干燥成熟果实,detail-02,bc016-dazao-detail-02-v1.webp,1122,1402,WEBP,formal_hd_asset,yes,23cc995ef93c46ab2ea47d81995f6a1196f8ee2d16450d20e77f8194c0a354d0,File:Ziziphus zizyphus MHNT.BOT.2012.10.26.jpg,https://commons.wikimedia.org/wiki/File:Ziziphus_zizyphus_MHNT.BOT.2012.10.26.jpg,3540,2746,Roger Culos,CC BY-SA 3.0,https://creativecommons.org/licenses/by-sa/3.0,Ziziphus jujuba dried fruit
BC.016,大枣,Jujubae Fructus,Ziziphus jujuba,干燥成熟果实,detail-03,bc016-dazao-detail-03-v1.webp,1122,1402,WEBP,formal_hd_asset,yes,b309082b8fad494a32705999442e359c35071595ad6667b960d693c724508124,File:Jujube cross section.jpg,https://commons.wikimedia.org/wiki/File:Jujube_cross_section.jpg,4608,3072,SilverBullet X,CC0,http://creativecommons.org/publicdomain/zero/1.0/deed.en,Ziziphus jujuba fruit
BC.016,大枣,Jujubae Fructus,Ziziphus jujuba,干燥成熟果实,detail-04,bc016-dazao-detail-04-v1.webp,1122,1402,WEBP,formal_hd_asset,yes,7a1c8b9a25a483a1b4dd560d251ebbec6d0796ba975c5ff84aeba3d7fa6dfbb2,File:Basket of Ziziphus jujuba (fruit) 20170115.jpg,https://commons.wikimedia.org/wiki/File:Basket_of_Ziziphus_jujuba_(fruit)_20170115.jpg,2824,2824,Abhijitgogoi22,CC BY-SA 4.0,https://creativecommons.org/licenses/by-sa/4.0,Ziziphus jujuba dried fruit
BC.016,大枣,Jujubae Fructus,Ziziphus jujuba,干燥成熟果实,detail-05,bc016-dazao-detail-05-v1.webp,1122,1402,WEBP,formal_hd_asset,yes,f241e78e65128a8a02d15160a20cf88a27e1405df5e6db067898e1268f5aeebf,File:Ziziphus zizyphus MHNT.BOT.2012.10.26.jpg,https://commons.wikimedia.org/wiki/File:Ziziphus_zizyphus_MHNT.BOT.2012.10.26.jpg,3540,2746,Roger Culos,CC BY-SA 3.0,https://creativecommons.org/licenses/by-sa/3.0,Ziziphus jujuba dried fruit
BC.017,人参,Ginseng Radix et Rhizoma,Panax ginseng,干燥根和根茎,hero,bc017-renshen-hero-v1.webp,1122,1402,WEBP,formal_hd_asset,yes,9ad7190addab686fc99d0d4c323d444bac457384e9d11a0e8912dd71565327f0,File:Insam (ginseng).jpg,https://commons.wikimedia.org/wiki/File:Insam_(ginseng).jpg,1400,1389,국립국어원,CC BY-SA 2.0 kr,https://creativecommons.org/licenses/by-sa/2.0/kr/deed.en,Panax ginseng root
BC.017,人参,Ginseng Radix et Rhizoma,Panax ginseng,干燥根和根茎,specimen,bc017-renshen-specimen-v1.webp,1122,1402,WEBP,formal_hd_asset,yes,3e6852a257ccc851a063b178b952766d4a8ef2f8ad3302ab66362e0892a4f31d,File:Jilin Mt. Changbai panax ginseng slices.jpg,https://commons.wikimedia.org/wiki/File:Jilin_Mt._Changbai_panax_ginseng_slices.jpg,3000,3000,Fumikas Sagisavas,CC0,http://creativecommons.org/publicdomain/zero/1.0/deed.en,ginseng root
BC.017,人参,Ginseng Radix et Rhizoma,Panax ginseng,干燥根和根茎,detail-01,bc017-renshen-detail-01-v1.webp,1122,1402,WEBP,formal_hd_asset,yes,12ef919c1e97c726a0454cf4789cb64042412df9e79734786befef053d2e7456,File:Bangeo-hoe 4.jpg,https://commons.wikimedia.org/wiki/File:Bangeo-hoe_4.jpg,945,629,대경라이프,CC BY-SA 4.0,https://creativecommons.org/licenses/by-sa/4.0,ginseng root
BC.017,人参,Ginseng Radix et Rhizoma,Panax ginseng,干燥根和根茎,detail-02,bc017-renshen-detail-02-v1.webp,1122,1402,WEBP,formal_hd_asset,yes,df0dcd24f78c98dcb40085b64008e3fdc89fdfcdce1d177ef805073dea628bc7,File:Insam (ginseng).jpg,https://commons.wikimedia.org/wiki/File:Insam_(ginseng).jpg,1400,1389,국립국어원,CC BY-SA 2.0 kr,https://creativecommons.org/licenses/by-sa/2.0/kr/deed.en,Panax ginseng root
BC.017,人参,Ginseng Radix et Rhizoma,Panax ginseng,干燥根和根茎,detail-03,bc017-renshen-detail-03-v1.webp,1122,1402,WEBP,formal_hd_asset,yes,f35afc014f661f9f1fc1c0bb644ab68981858b00e3280271381642be749df278,File:Jilin Mt. Changbai panax ginseng slices.jpg,https://commons.wikimedia.org/wiki/File:Jilin_Mt._Changbai_panax_ginseng_slices.jpg,3000,3000,Fumikas Sagisavas,CC0,http://creativecommons.org/publicdomain/zero/1.0/deed.en,ginseng root
BC.017,人参,Ginseng Radix et Rhizoma,Panax ginseng,干燥根和根茎,detail-04,bc017-renshen-detail-04-v1.webp,1122,1402,WEBP,formal_hd_asset,yes,02d7340ad74a02e1a2853e4954b11f3ef13318e6b61f21046125abfa4cd19994,File:Bangeo-hoe 4.jpg,https://commons.wikimedia.org/wiki/File:Bangeo-hoe_4.jpg,945,629,대경라이프,CC BY-SA 4.0,https://creativecommons.org/licenses/by-sa/4.0,ginseng root
BC.017,人参,Ginseng Radix et Rhizoma,Panax ginseng,干燥根和根茎,detail-05,bc017-renshen-detail-05-v1.webp,1122,1402,WEBP,formal_hd_asset,yes,69a7449e3ec39a44c5a341e5b52755ab4920d0604e20985ed08b726747671d7c,File:Insam (ginseng).jpg,https://commons.wikimedia.org/wiki/File:Insam_(ginseng).jpg,1400,1389,국립국어원,CC BY-SA 2.0 kr,https://creativecommons.org/licenses/by-sa/2.0/kr/deed.en,Panax ginseng root
BC.018,丹参,Salviae Miltiorrhizae Radix et Rhizoma,Salvia miltiorrhiza,干燥根和根茎,hero,bc018-danshen-hero-v1.webp,1122,1402,WEBP,formal_hd_asset,yes,824399ebfa8cbba586e1d157d0e21975c23cc5fed1adbf9aafbf564bbf1fec1c,File:HK sliced herbal 丹参 Salvia miltiorrhiza root October 2025 N13P 01.jpg,https://commons.wikimedia.org/wiki/File:HK_sliced_herbal_%E4%B8%B9%E5%8F%82_Salvia_miltiorrhiza_root_October_2025_N13P_01.jpg,3060,4080,SZE XAIMMOOA HONGMIN,CC0,http://creativecommons.org/publicdomain/zero/1.0/deed.en,Salvia miltiorrhiza root
BC.018,丹参,Salviae Miltiorrhizae Radix et Rhizoma,Salvia miltiorrhiza,干燥根和根茎,specimen,bc018-danshen-specimen-v1.webp,1122,1402,WEBP,formal_hd_asset,yes,3d6240b0ed5b5bea958bc1c1084577c0e7aa12c019d25c18e96068e93a2dbb4c,File:HK sliced herbal 丹参 Salvia miltiorrhiza root October 2025 N13P 02.jpg,https://commons.wikimedia.org/wiki/File:HK_sliced_herbal_%E4%B8%B9%E5%8F%82_Salvia_miltiorrhiza_root_October_2025_N13P_02.jpg,3060,4080,SZE XAIMMOOA HONGMIN,CC0,http://creativecommons.org/publicdomain/zero/1.0/deed.en,Salvia miltiorrhiza root
BC.018,丹参,Salviae Miltiorrhizae Radix et Rhizoma,Salvia miltiorrhiza,干燥根和根茎,detail-01,bc018-danshen-detail-01-v1.webp,1122,1402,WEBP,formal_hd_asset,yes,e7ca5d956f317ec95daf255cfc696c6c95cd807cf2509ff0b244493d4114e51e,File:HK sliced herbal 丹参 Salvia miltiorrhiza root October 2025 N13P 03.jpg,https://commons.wikimedia.org/wiki/File:HK_sliced_herbal_%E4%B8%B9%E5%8F%82_Salvia_miltiorrhiza_root_October_2025_N13P_03.jpg,4080,3060,SZE XAIMMOOA HONGMIN,CC0,http://creativecommons.org/publicdomain/zero/1.0/deed.en,Salvia miltiorrhiza root
BC.018,丹参,Salviae Miltiorrhizae Radix et Rhizoma,Salvia miltiorrhiza,干燥根和根茎,detail-02,bc018-danshen-detail-02-v1.webp,1122,1402,WEBP,formal_hd_asset,yes,177fee6a700f2dd5120c85c04acdd5a7f1f89bef8ea2899c4e84f0947ccf01e3,File:HK sliced herbal 丹参 Salvia miltiorrhiza root October 2025 N13P 01.jpg,https://commons.wikimedia.org/wiki/File:HK_sliced_herbal_%E4%B8%B9%E5%8F%82_Salvia_miltiorrhiza_root_October_2025_N13P_01.jpg,3060,4080,SZE XAIMMOOA HONGMIN,CC0,http://creativecommons.org/publicdomain/zero/1.0/deed.en,Salvia miltiorrhiza root
BC.018,丹参,Salviae Miltiorrhizae Radix et Rhizoma,Salvia miltiorrhiza,干燥根和根茎,detail-03,bc018-danshen-detail-03-v1.webp,1122,1402,WEBP,formal_hd_asset,yes,ef615ce985767d4ac8a7397503866b9d0f1d2ec07270ded70f60cf28ad49499b,File:HK sliced herbal 丹参 Salvia miltiorrhiza root October 2025 N13P 02.jpg,https://commons.wikimedia.org/wiki/File:HK_sliced_herbal_%E4%B8%B9%E5%8F%82_Salvia_miltiorrhiza_root_October_2025_N13P_02.jpg,3060,4080,SZE XAIMMOOA HONGMIN,CC0,http://creativecommons.org/publicdomain/zero/1.0/deed.en,Salvia miltiorrhiza root
BC.018,丹参,Salviae Miltiorrhizae Radix et Rhizoma,Salvia miltiorrhiza,干燥根和根茎,detail-04,bc018-danshen-detail-04-v1.webp,1122,1402,WEBP,formal_hd_asset,yes,8c599b16175a8ec3afe1102d521c7a82a5a4b9a7be76e4ceb610555b36581980,File:HK sliced herbal 丹参 Salvia miltiorrhiza root October 2025 N13P 03.jpg,https://commons.wikimedia.org/wiki/File:HK_sliced_herbal_%E4%B8%B9%E5%8F%82_Salvia_miltiorrhiza_root_October_2025_N13P_03.jpg,4080,3060,SZE XAIMMOOA HONGMIN,CC0,http://creativecommons.org/publicdomain/zero/1.0/deed.en,Salvia miltiorrhiza root
BC.018,丹参,Salviae Miltiorrhizae Radix et Rhizoma,Salvia miltiorrhiza,干燥根和根茎,detail-05,bc018-danshen-detail-05-v1.webp,1122,1402,WEBP,formal_hd_asset,yes,2cf9a6beac09552729af7c6cc2f8a13d509e639cb61afafb3db826cce29976c9,File:HK sliced herbal 丹参 Salvia miltiorrhiza root October 2025 N13P 01.jpg,https://commons.wikimedia.org/wiki/File:HK_sliced_herbal_%E4%B8%B9%E5%8F%82_Salvia_miltiorrhiza_root_October_2025_N13P_01.jpg,3060,4080,SZE XAIMMOOA HONGMIN,CC0,http://creativecommons.org/publicdomain/zero/1.0/deed.en,Salvia miltiorrhiza root
BC.019,连翘,Forsythiae Fructus,Forsythia suspensa,干燥果实,hero,bc019-lianqiao-hero-v1.webp,1122,1402,WEBP,formal_hd_asset,yes,ab332a6ec91c5667e86128115102a06a8e933c7ba52b79208f4daa3b937c5689,File:Forsythia suspensa Nymans (20102047091).jpg,https://commons.wikimedia.org/wiki/File:Forsythia_suspensa_Nymans_(20102047091).jpg,3264,2448,"peganum from Small Dole, England",CC BY-SA 2.0,https://creativecommons.org/licenses/by-sa/2.0,Forsythia suspensa
BC.019,连翘,Forsythiae Fructus,Forsythia suspensa,干燥果实,specimen,bc019-lianqiao-specimen-v1.webp,1122,1402,WEBP,formal_hd_asset,yes,7bce4b009b8eac9025572f47d5adfad99b7833d8b44db98a00cffc10efe0d03a,File:Forsythia suspensa Nymans (20102047091).jpg,https://commons.wikimedia.org/wiki/File:Forsythia_suspensa_Nymans_(20102047091).jpg,3264,2448,"peganum from Small Dole, England",CC BY-SA 2.0,https://creativecommons.org/licenses/by-sa/2.0,Forsythia suspensa
BC.019,连翘,Forsythiae Fructus,Forsythia suspensa,干燥果实,detail-01,bc019-lianqiao-detail-01-v1.webp,1122,1402,WEBP,formal_hd_asset,yes,74771d21a76344d2d6a4cf1d3039dc35fba02dcdfb03e4d56317a726defe5070,File:Forsythia suspensa Nymans (20102047091).jpg,https://commons.wikimedia.org/wiki/File:Forsythia_suspensa_Nymans_(20102047091).jpg,3264,2448,"peganum from Small Dole, England",CC BY-SA 2.0,https://creativecommons.org/licenses/by-sa/2.0,Forsythia suspensa
BC.019,连翘,Forsythiae Fructus,Forsythia suspensa,干燥果实,detail-02,bc019-lianqiao-detail-02-v1.webp,1122,1402,WEBP,formal_hd_asset,yes,6828703de7b475785b080b187efd2ad64e4076d7d66ce674818ac2c39251c60e,File:Forsythia suspensa Nymans (20102047091).jpg,https://commons.wikimedia.org/wiki/File:Forsythia_suspensa_Nymans_(20102047091).jpg,3264,2448,"peganum from Small Dole, England",CC BY-SA 2.0,https://creativecommons.org/licenses/by-sa/2.0,Forsythia suspensa
BC.019,连翘,Forsythiae Fructus,Forsythia suspensa,干燥果实,detail-03,bc019-lianqiao-detail-03-v1.webp,1122,1402,WEBP,formal_hd_asset,yes,b108891ad516edc9570f2ae9e4ec8f0a206e296e5220f168b9fbb7af4a922764,File:Forsythia suspensa Nymans (20102047091).jpg,https://commons.wikimedia.org/wiki/File:Forsythia_suspensa_Nymans_(20102047091).jpg,3264,2448,"peganum from Small Dole, England",CC BY-SA 2.0,https://creativecommons.org/licenses/by-sa/2.0,Forsythia suspensa
BC.019,连翘,Forsythiae Fructus,Forsythia suspensa,干燥果实,detail-04,bc019-lianqiao-detail-04-v1.webp,1122,1402,WEBP,formal_hd_asset,yes,48bf368e0fc891b950b586bca44905b17af01454207ffcfd07441ef953c4cb27,File:Forsythia suspensa Nymans (20102047091).jpg,https://commons.wikimedia.org/wiki/File:Forsythia_suspensa_Nymans_(20102047091).jpg,3264,2448,"peganum from Small Dole, England",CC BY-SA 2.0,https://creativecommons.org/licenses/by-sa/2.0,Forsythia suspensa
BC.019,连翘,Forsythiae Fructus,Forsythia suspensa,干燥果实,detail-05,bc019-lianqiao-detail-05-v1.webp,1122,1402,WEBP,formal_hd_asset,yes,610ba088288747fde229c9bae8024cd040f844de1a2853e40af6606278c97669,File:Forsythia suspensa Nymans (20102047091).jpg,https://commons.wikimedia.org/wiki/File:Forsythia_suspensa_Nymans_(20102047091).jpg,3264,2448,"peganum from Small Dole, England",CC BY-SA 2.0,https://creativecommons.org/licenses/by-sa/2.0,Forsythia suspensa
BC.020,麦冬,Ophiopogonis Radix,Ophiopogon japonicus,干燥块根,hero,bc020-maidong-hero-v1.webp,1122,1402,WEBP,formal_hd_asset,yes,47d03d48364cf3d417c2475f0a70cf71c85dd33ff1e5ab747df0e37f08fe9d21,File:Dried Ophiopogon japonicus sticks.jpg,https://commons.wikimedia.org/wiki/File:Dried_Ophiopogon_japonicus_sticks.jpg,3000,3000,Fumikas Sagisavas,CC0,http://creativecommons.org/publicdomain/zero/1.0/deed.en,Ophiopogon japonicus
BC.020,麦冬,Ophiopogonis Radix,Ophiopogon japonicus,干燥块根,specimen,bc020-maidong-specimen-v1.webp,1122,1402,WEBP,formal_hd_asset,yes,222d647e574969e59126f0788ce04f1aa9e39c90e8d6a5d587cb3bb434d8bceb,File:Dried ophiopogon japonicus.jpg,https://commons.wikimedia.org/wiki/File:Dried_ophiopogon_japonicus.jpg,3000,3000,Fumikas Sagisavas,CC0,http://creativecommons.org/publicdomain/zero/1.0/deed.en,Ophiopogon japonicus
BC.020,麦冬,Ophiopogonis Radix,Ophiopogon japonicus,干燥块根,detail-01,bc020-maidong-detail-01-v1.webp,1122,1402,WEBP,formal_hd_asset,yes,f2a460ee3522837dbbcef60b6d62a678484262706799b06c519b5113cd26ea6a,File:Dried Ophiopogon japonicus sticks.jpg,https://commons.wikimedia.org/wiki/File:Dried_Ophiopogon_japonicus_sticks.jpg,3000,3000,Fumikas Sagisavas,CC0,http://creativecommons.org/publicdomain/zero/1.0/deed.en,Ophiopogon japonicus
BC.020,麦冬,Ophiopogonis Radix,Ophiopogon japonicus,干燥块根,detail-02,bc020-maidong-detail-02-v1.webp,1122,1402,WEBP,formal_hd_asset,yes,5dc0ee26ae45c74c512966eec5e862e3b369be60ef76a35c2ec6183c6360811e,File:Dried ophiopogon japonicus.jpg,https://commons.wikimedia.org/wiki/File:Dried_ophiopogon_japonicus.jpg,3000,3000,Fumikas Sagisavas,CC0,http://creativecommons.org/publicdomain/zero/1.0/deed.en,Ophiopogon japonicus
BC.020,麦冬,Ophiopogonis Radix,Ophiopogon japonicus,干燥块根,detail-03,bc020-maidong-detail-03-v1.webp,1122,1402,WEBP,formal_hd_asset,yes,43ba23aef2fc287aef421a1862566fc7d9f5545536aae150e132df5832b2dcea,File:Dried Ophiopogon japonicus sticks.jpg,https://commons.wikimedia.org/wiki/File:Dried_Ophiopogon_japonicus_sticks.jpg,3000,3000,Fumikas Sagisavas,CC0,http://creativecommons.org/publicdomain/zero/1.0/deed.en,Ophiopogon japonicus
BC.020,麦冬,Ophiopogonis Radix,Ophiopogon japonicus,干燥块根,detail-04,bc020-maidong-detail-04-v1.webp,1122,1402,WEBP,formal_hd_asset,yes,c97a7702754daa41d46b38e52e6182db4ea435c0b07af032ffe1507820799d45,File:Dried ophiopogon japonicus.jpg,https://commons.wikimedia.org/wiki/File:Dried_ophiopogon_japonicus.jpg,3000,3000,Fumikas Sagisavas,CC0,http://creativecommons.org/publicdomain/zero/1.0/deed.en,Ophiopogon japonicus
BC.020,麦冬,Ophiopogonis Radix,Ophiopogon japonicus,干燥块根,detail-05,bc020-maidong-detail-05-v1.webp,1122,1402,WEBP,formal_hd_asset,yes,d24872b43eb8cc6547810f7af235353ea35634c6e0a0e22283145b8f223c5487,File:Dried Ophiopogon japonicus sticks.jpg,https://commons.wikimedia.org/wiki/File:Dried_Ophiopogon_japonicus_sticks.jpg,3000,3000,Fumikas Sagisavas,CC0,http://creativecommons.org/publicdomain/zero/1.0/deed.en,Ophiopogon japonicus
BC.021,五味子,Schisandrae Chinensis Fructus,Schisandra chinensis,干燥成熟果实,hero,bc021-wuweizi-hero-v1.webp,1122,1402,WEBP,formal_hd_asset,yes,680465319aedcd35a48987cc2dc8b56caabe43785af5b26396b09234cdcf719d,File:Jilin Mt. Changbai omija berries.jpg,https://commons.wikimedia.org/wiki/File:Jilin_Mt._Changbai_omija_berries.jpg,3000,3000,Fumikas Sagisavas,CC0,http://creativecommons.org/publicdomain/zero/1.0/deed.en,Schisandra chinensis fruit
BC.021,五味子,Schisandrae Chinensis Fructus,Schisandra chinensis,干燥成熟果实,specimen,bc021-wuweizi-specimen-v1.webp,1122,1402,WEBP,formal_hd_asset,yes,5382fe4f1e77abce918aa1f2147a94d37bf7ebcbd4bbd8b0d45d76b1771e33ee,File:Schisandra chinensis berries&seeds.jpg,https://commons.wikimedia.org/wiki/File:Schisandra_chinensis_berries%26seeds.jpg,2652,1062,Vladimir Kosolapov,CC BY 3.0,https://creativecommons.org/licenses/by/3.0,Schisandra chinensis fruit
BC.021,五味子,Schisandrae Chinensis Fructus,Schisandra chinensis,干燥成熟果实,detail-01,bc021-wuweizi-detail-01-v1.webp,1122,1402,WEBP,formal_hd_asset,yes,177f56c346db2c093523dbdc2d7c0459aa504b82b9d702baad6afc3dcac8a432,File:Omija.jpg,https://commons.wikimedia.org/wiki/File:Omija.jpg,5184,3456,ally j,CC0,http://creativecommons.org/publicdomain/zero/1.0/deed.en,Schisandra chinensis fruit
BC.021,五味子,Schisandrae Chinensis Fructus,Schisandra chinensis,干燥成熟果实,detail-02,bc021-wuweizi-detail-02-v1.webp,1122,1402,WEBP,formal_hd_asset,yes,0c2de89dd6bdc7ff9d49f8beef5fb74658f1d99f335c8b3b112a82e2ba084ac8,File:Jilin Mt. Changbai omija berries.jpg,https://commons.wikimedia.org/wiki/File:Jilin_Mt._Changbai_omija_berries.jpg,3000,3000,Fumikas Sagisavas,CC0,http://creativecommons.org/publicdomain/zero/1.0/deed.en,Schisandra chinensis fruit
BC.021,五味子,Schisandrae Chinensis Fructus,Schisandra chinensis,干燥成熟果实,detail-03,bc021-wuweizi-detail-03-v1.webp,1122,1402,WEBP,formal_hd_asset,yes,7ba30fee9236b9936be9f6d15634fee30aa32e2bba56cccb556c753cbc8d2063,File:Schisandra chinensis berries&seeds.jpg,https://commons.wikimedia.org/wiki/File:Schisandra_chinensis_berries%26seeds.jpg,2652,1062,Vladimir Kosolapov,CC BY 3.0,https://creativecommons.org/licenses/by/3.0,Schisandra chinensis fruit
BC.021,五味子,Schisandrae Chinensis Fructus,Schisandra chinensis,干燥成熟果实,detail-04,bc021-wuweizi-detail-04-v1.webp,1122,1402,WEBP,formal_hd_asset,yes,ffbf595dda535dfb55ef7afffa4a2b32619ffd83dd7209e8d99d434470439bef,File:Omija.jpg,https://commons.wikimedia.org/wiki/File:Omija.jpg,5184,3456,ally j,CC0,http://creativecommons.org/publicdomain/zero/1.0/deed.en,Schisandra chinensis fruit
BC.021,五味子,Schisandrae Chinensis Fructus,Schisandra chinensis,干燥成熟果实,detail-05,bc021-wuweizi-detail-05-v1.webp,1122,1402,WEBP,formal_hd_asset,yes,9289e2f5e16b78b0ce11eddd386c260244ced9039b4bed7b9e2f864578397dcd,File:Jilin Mt. Changbai omija berries.jpg,https://commons.wikimedia.org/wiki/File:Jilin_Mt._Changbai_omija_berries.jpg,3000,3000,Fumikas Sagisavas,CC0,http://creativecommons.org/publicdomain/zero/1.0/deed.en,Schisandra chinensis fruit
BC.022,百合,Lilii Bulbus,Lilium brownii / Lilium lancifolium,干燥肉质鳞叶,hero,bc022-baihe-hero-v1.webp,1122,1402,WEBP,formal_hd_asset,yes,b92d133f1874a1c70d06219d1ca9119fa8f3475346584c6b9b3d7fc27e7509cf,File:Lilium lancifolium bulbils.jpg,https://commons.wikimedia.org/wiki/File:Lilium_lancifolium_bulbils.jpg,960,1280,Nadiatalent,Public domain,,Lilium lancifolium
BC.022,百合,Lilii Bulbus,Lilium brownii / Lilium lancifolium,干燥肉质鳞叶,specimen,bc022-baihe-specimen-v1.webp,1122,1402,WEBP,formal_hd_asset,yes,48972644515478f932debe672ea98e10906b58e058a54cfe3ed9a23304a8c058,File:Lilium lancifolium 001.JPG,https://commons.wikimedia.org/wiki/File:Lilium_lancifolium_001.JPG,1564,2085,H. Zell,CC BY-SA 3.0,https://creativecommons.org/licenses/by-sa/3.0,Lilium lancifolium bulb
BC.022,百合,Lilii Bulbus,Lilium brownii / Lilium lancifolium,干燥肉质鳞叶,detail-01,bc022-baihe-detail-01-v1.webp,1122,1402,WEBP,formal_hd_asset,yes,180214b612e2ebaf45bbdd5c1b13e034c8aea68362f1b2f6aec72f2f5694328b,File:Lily rhizome (1).jpg,https://commons.wikimedia.org/wiki/File:Lily_rhizome_(1).jpg,3000,3000,Fumikas Sagisavas,CC0,http://creativecommons.org/publicdomain/zero/1.0/deed.en,Lilium brownii
BC.022,百合,Lilii Bulbus,Lilium brownii / Lilium lancifolium,干燥肉质鳞叶,detail-02,bc022-baihe-detail-02-v1.webp,1122,1402,WEBP,formal_hd_asset,yes,db9883305236d1d6cd29c0836366cc9e0e340d680812a74455497ea7ce6dfaf7,File:Lilium lancifolium bulbils.jpg,https://commons.wikimedia.org/wiki/File:Lilium_lancifolium_bulbils.jpg,960,1280,Nadiatalent,Public domain,,Lilium lancifolium
BC.022,百合,Lilii Bulbus,Lilium brownii / Lilium lancifolium,干燥肉质鳞叶,detail-03,bc022-baihe-detail-03-v1.webp,1122,1402,WEBP,formal_hd_asset,yes,0ea61493e7a83088aec04020353a61c1bb37e7cd0c28a3505f38624aff41c6c2,File:Lilium lancifolium 001.JPG,https://commons.wikimedia.org/wiki/File:Lilium_lancifolium_001.JPG,1564,2085,H. Zell,CC BY-SA 3.0,https://creativecommons.org/licenses/by-sa/3.0,Lilium lancifolium bulb
BC.022,百合,Lilii Bulbus,Lilium brownii / Lilium lancifolium,干燥肉质鳞叶,detail-04,bc022-baihe-detail-04-v1.webp,1122,1402,WEBP,formal_hd_asset,yes,5506c2eaf627ae3b2690596c05b097bb7a6709967c66cfca2cf65f96bab8ddb0,File:Lily rhizome (1).jpg,https://commons.wikimedia.org/wiki/File:Lily_rhizome_(1).jpg,3000,3000,Fumikas Sagisavas,CC0,http://creativecommons.org/publicdomain/zero/1.0/deed.en,Lilium brownii
BC.022,百合,Lilii Bulbus,Lilium brownii / Lilium lancifolium,干燥肉质鳞叶,detail-05,bc022-baihe-detail-05-v1.webp,1122,1402,WEBP,formal_hd_asset,yes,40d950f79f2138ecdc67464823117cc68e0a02d254dc5cf12cbe434652b03e36,File:Lilium lancifolium bulbils.jpg,https://commons.wikimedia.org/wiki/File:Lilium_lancifolium_bulbils.jpg,960,1280,Nadiatalent,Public domain,,Lilium lancifolium
BC.023,肉桂,Cinnamomi Cortex,Cinnamomum cassia,干燥树皮,hero,bc023-rougui-hero-v1.webp,1122,1402,WEBP,formal_hd_asset,yes,d7944de447ee389ad264cba82a6fe548860bb0bf6370ce06c1466df8da7ade92,"File:Cassia bark stripped away - spice plantation, outside Stone Town, Zanzibar, Tanzania (8868687649).jpg","https://commons.wikimedia.org/wiki/File:Cassia_bark_stripped_away_-_spice_plantation,_outside_Stone_Town,_Zanzibar,_Tanzania_(8868687649).jpg",2736,3648,"Adam Jones from Kelowna, BC, Canada",CC BY-SA 2.0,https://creativecommons.org/licenses/by-sa/2.0,Cinnamomum cassia bark cinnamon
BC.023,肉桂,Cinnamomi Cortex,Cinnamomum cassia,干燥树皮,specimen,bc023-rougui-specimen-v1.webp,1122,1402,WEBP,formal_hd_asset,yes,86ddb5a508a9477c010fa99a3645ba29bdd96f80066416dc1c3c771ada9991c9,"File:Cassia bark, Nepal 1.jpg","https://commons.wikimedia.org/wiki/File:Cassia_bark,_Nepal_1.jpg",3024,4032,Gaurav Dhwaj Khadka,CC BY-SA 4.0,https://creativecommons.org/licenses/by-sa/4.0,Cinnamomum cassia bark cinnamon
BC.023,肉桂,Cinnamomi Cortex,Cinnamomum cassia,干燥树皮,detail-01,bc023-rougui-detail-01-v1.webp,1122,1402,WEBP,formal_hd_asset,yes,8801d25a6b059b7fb6cff52a69783d259af2385f667795882f1c147c38f5a887,File:Cinnamon (দারচিনি).JPG,https://commons.wikimedia.org/wiki/File:Cinnamon_(%E0%A6%A6%E0%A6%BE%E0%A6%B0%E0%A6%9A%E0%A6%BF%E0%A6%A8%E0%A6%BF).JPG,1600,1037,Atudu,CC BY-SA 4.0,https://creativecommons.org/licenses/by-sa/4.0,Cinnamomum cassia bark cinnamon
BC.023,肉桂,Cinnamomi Cortex,Cinnamomum cassia,干燥树皮,detail-02,bc023-rougui-detail-02-v1.webp,1122,1402,WEBP,formal_hd_asset,yes,c1daddd037f45e84aa69ac9e329269b31787487defaf68a5f75bd757429a6174,"File:Cassia bark stripped away - spice plantation, outside Stone Town, Zanzibar, Tanzania (8868687649).jpg","https://commons.wikimedia.org/wiki/File:Cassia_bark_stripped_away_-_spice_plantation,_outside_Stone_Town,_Zanzibar,_Tanzania_(8868687649).jpg",2736,3648,"Adam Jones from Kelowna, BC, Canada",CC BY-SA 2.0,https://creativecommons.org/licenses/by-sa/2.0,Cinnamomum cassia bark cinnamon
BC.023,肉桂,Cinnamomi Cortex,Cinnamomum cassia,干燥树皮,detail-03,bc023-rougui-detail-03-v1.webp,1122,1402,WEBP,formal_hd_asset,yes,d6350cbc11366ce589ddfe9428a00a8b30a6020ad4fa4723d15480c6f0935efc,"File:Cassia bark, Nepal 1.jpg","https://commons.wikimedia.org/wiki/File:Cassia_bark,_Nepal_1.jpg",3024,4032,Gaurav Dhwaj Khadka,CC BY-SA 4.0,https://creativecommons.org/licenses/by-sa/4.0,Cinnamomum cassia bark cinnamon
BC.023,肉桂,Cinnamomi Cortex,Cinnamomum cassia,干燥树皮,detail-04,bc023-rougui-detail-04-v1.webp,1122,1402,WEBP,formal_hd_asset,yes,74d555338d54169de6d39d13c518938ea8392e0c62a45f4e6630e21a8b73c03e,File:Cinnamon (দারচিনি).JPG,https://commons.wikimedia.org/wiki/File:Cinnamon_(%E0%A6%A6%E0%A6%BE%E0%A6%B0%E0%A6%9A%E0%A6%BF%E0%A6%A8%E0%A6%BF).JPG,1600,1037,Atudu,CC BY-SA 4.0,https://creativecommons.org/licenses/by-sa/4.0,Cinnamomum cassia bark cinnamon
BC.023,肉桂,Cinnamomi Cortex,Cinnamomum cassia,干燥树皮,detail-05,bc023-rougui-detail-05-v1.webp,1122,1402,WEBP,formal_hd_asset,yes,fd0d8feda504994fd215280cf9f2ff892d19743ae92be9909b6732406e48fab1,"File:Cassia bark stripped away - spice plantation, outside Stone Town, Zanzibar, Tanzania (8868687649).jpg","https://commons.wikimedia.org/wiki/File:Cassia_bark_stripped_away_-_spice_plantation,_outside_Stone_Town,_Zanzibar,_Tanzania_(8868687649).jpg",2736,3648,"Adam Jones from Kelowna, BC, Canada",CC BY-SA 2.0,https://creativecommons.org/licenses/by-sa/2.0,Cinnamomum cassia bark cinnamon
BC.024,丁香,Caryophylli Flos,Syzygium aromaticum,干燥花蕾,hero,bc024-dingxiang-hero-v1.webp,1122,1402,WEBP,formal_hd_asset,yes,50ace49213eca0ec37fd594083dd495ff5b5e05a22b9807321f0cd5066a13f55,File:Cariophylli flos - Myrtaceae 245049.jpg,https://commons.wikimedia.org/wiki/File:Cariophylli_flos_-_Myrtaceae_245049.jpg,1497,1080,Rillke,CC BY-SA 3.0 de,https://creativecommons.org/licenses/by-sa/3.0/de/deed.en,Syzygium aromaticum clove dried flower bud
BC.024,丁香,Caryophylli Flos,Syzygium aromaticum,干燥花蕾,specimen,bc024-dingxiang-specimen-v1.webp,1122,1402,WEBP,formal_hd_asset,yes,b45a3fa315efa7ec609b9db9340a4987f8c7c8fbf8c9def35f7f52fc75b8e4e3,File:Cariophylli flos - Myrtaceae 298051.jpg,https://commons.wikimedia.org/wiki/File:Cariophylli_flos_-_Myrtaceae_298051.jpg,1600,786,Rillke,CC BY-SA 3.0 de,https://creativecommons.org/licenses/by-sa/3.0/de/deed.en,Syzygium aromaticum clove dried flower bud
BC.024,丁香,Caryophylli Flos,Syzygium aromaticum,干燥花蕾,detail-01,bc024-dingxiang-detail-01-v1.webp,1122,1402,WEBP,formal_hd_asset,yes,c36d70bb11025859bea51c1cfcbec2564346f00725162ea2a22eff5a3ad4cbd2,File:Cengkeh Kering (r-1-009).webp,https://commons.wikimedia.org/wiki/File:Cengkeh_Kering_(r-1-009).webp,750,500,Ekspos.IDN,CC0,http://creativecommons.org/publicdomain/zero/1.0/deed.en,Syzygium aromaticum clove dried flower bud
BC.024,丁香,Caryophylli Flos,Syzygium aromaticum,干燥花蕾,detail-02,bc024-dingxiang-detail-02-v1.webp,1122,1402,WEBP,formal_hd_asset,yes,6eef09648a0b3ad81113aacc5d009e9e6ee726832fab7ede0d1555ee34ca14e9,File:Cariophylli flos - Myrtaceae 245049.jpg,https://commons.wikimedia.org/wiki/File:Cariophylli_flos_-_Myrtaceae_245049.jpg,1497,1080,Rillke,CC BY-SA 3.0 de,https://creativecommons.org/licenses/by-sa/3.0/de/deed.en,Syzygium aromaticum clove dried flower bud
BC.024,丁香,Caryophylli Flos,Syzygium aromaticum,干燥花蕾,detail-03,bc024-dingxiang-detail-03-v1.webp,1122,1402,WEBP,formal_hd_asset,yes,8476c8145143bd892b4628ef98f613da481323376860a63a8a48195c2df9900a,File:Cariophylli flos - Myrtaceae 298051.jpg,https://commons.wikimedia.org/wiki/File:Cariophylli_flos_-_Myrtaceae_298051.jpg,1600,786,Rillke,CC BY-SA 3.0 de,https://creativecommons.org/licenses/by-sa/3.0/de/deed.en,Syzygium aromaticum clove dried flower bud
BC.024,丁香,Caryophylli Flos,Syzygium aromaticum,干燥花蕾,detail-04,bc024-dingxiang-detail-04-v1.webp,1122,1402,WEBP,formal_hd_asset,yes,69b1bbf0f2d6401bf34393c9169ce13108f39e1df5fbcb3dceaeda49e2497a15,File:Cengkeh Kering (r-1-009).webp,https://commons.wikimedia.org/wiki/File:Cengkeh_Kering_(r-1-009).webp,750,500,Ekspos.IDN,CC0,http://creativecommons.org/publicdomain/zero/1.0/deed.en,Syzygium aromaticum clove dried flower bud
BC.024,丁香,Caryophylli Flos,Syzygium aromaticum,干燥花蕾,detail-05,bc024-dingxiang-detail-05-v1.webp,1122,1402,WEBP,formal_hd_asset,yes,4e623f8819c299914da3801a4c1c3dd93a5c130e0d6569b68f983ef932c2748f,File:Cariophylli flos - Myrtaceae 245049.jpg,https://commons.wikimedia.org/wiki/File:Cariophylli_flos_-_Myrtaceae_245049.jpg,1497,1080,Rillke,CC BY-SA 3.0 de,https://creativecommons.org/licenses/by-sa/3.0/de/deed.en,Syzygium aromaticum clove dried flower bud
BC.025,砂仁,Amomi Fructus,Wurfbainia villosa / Amomum villosum,干燥成熟果实,hero,bc025-sharen-hero-v1.webp,1122,1402,WEBP,formal_hd_asset,yes,990c5642be1fa8209463fec956588bb1865c01dbd33d67bc0e4d21f38476c99e,File:Dried amomum villosum.jpg,https://commons.wikimedia.org/wiki/File:Dried_amomum_villosum.jpg,3000,3000,Fumikas Sagisavas,CC0,http://creativecommons.org/publicdomain/zero/1.0/deed.en,manual exact title
BC.025,砂仁,Amomi Fructus,Wurfbainia villosa / Amomum villosum,干燥成熟果实,specimen,bc025-sharen-specimen-v1.webp,1122,1402,WEBP,formal_hd_asset,yes,c576aeab8803ab6743d31f20346f81874eae4f79d668827fdd3b258f4ce4c7b6,File:Sa nhân (Amomum villosum).JPG,https://commons.wikimedia.org/wiki/File:Sa_nh%C3%A2n_(Amomum_villosum).JPG,4320,3240,Hungda,CC BY-SA 3.0,https://creativecommons.org/licenses/by-sa/3.0,manual exact title
BC.025,砂仁,Amomi Fructus,Wurfbainia villosa / Amomum villosum,干燥成熟果实,detail-01,bc025-sharen-detail-01-v1.webp,1122,1402,WEBP,formal_hd_asset,yes,ac916033c40d60324510eda94fdc1129f845e5fafe5f9516c32b237afe028b4e,File:Dried amomum villosum.jpg,https://commons.wikimedia.org/wiki/File:Dried_amomum_villosum.jpg,3000,3000,Fumikas Sagisavas,CC0,http://creativecommons.org/publicdomain/zero/1.0/deed.en,manual exact title
BC.025,砂仁,Amomi Fructus,Wurfbainia villosa / Amomum villosum,干燥成熟果实,detail-02,bc025-sharen-detail-02-v1.webp,1122,1402,WEBP,formal_hd_asset,yes,98c49a38954e9a3af8ce2266cb21eba64f80cbc56760017fbfadfaebe68c3120,File:Sa nhân (Amomum villosum).JPG,https://commons.wikimedia.org/wiki/File:Sa_nh%C3%A2n_(Amomum_villosum).JPG,4320,3240,Hungda,CC BY-SA 3.0,https://creativecommons.org/licenses/by-sa/3.0,manual exact title
BC.025,砂仁,Amomi Fructus,Wurfbainia villosa / Amomum villosum,干燥成熟果实,detail-03,bc025-sharen-detail-03-v1.webp,1122,1402,WEBP,formal_hd_asset,yes,6cbcc5ec6b8f38a1de8853d042ea6bafa8fb6e3f13825d59b2c10afcebd25d13,File:Dried amomum villosum.jpg,https://commons.wikimedia.org/wiki/File:Dried_amomum_villosum.jpg,3000,3000,Fumikas Sagisavas,CC0,http://creativecommons.org/publicdomain/zero/1.0/deed.en,manual exact title
BC.025,砂仁,Amomi Fructus,Wurfbainia villosa / Amomum villosum,干燥成熟果实,detail-04,bc025-sharen-detail-04-v1.webp,1122,1402,WEBP,formal_hd_asset,yes,ff1de249a211698d0c75b1f0e0aad6202f7686c957c389d63c024597f9b0ef11,File:Sa nhân (Amomum villosum).JPG,https://commons.wikimedia.org/wiki/File:Sa_nh%C3%A2n_(Amomum_villosum).JPG,4320,3240,Hungda,CC BY-SA 3.0,https://creativecommons.org/licenses/by-sa/3.0,manual exact title
BC.025,砂仁,Amomi Fructus,Wurfbainia villosa / Amomum villosum,干燥成熟果实,detail-05,bc025-sharen-detail-05-v1.webp,1122,1402,WEBP,formal_hd_asset,yes,9fb3f24e6d998701b27696dd25ebf45441d35efd7311ae7f9557c114093405d9,File:Dried amomum villosum.jpg,https://commons.wikimedia.org/wiki/File:Dried_amomum_villosum.jpg,3000,3000,Fumikas Sagisavas,CC0,http://creativecommons.org/publicdomain/zero/1.0/deed.en,manual exact title
BC.026,厚朴,Magnoliae Officinalis Cortex,Magnolia officinalis,干燥干皮、根皮及枝皮,hero,bc026-houpo-hero-v1.webp,1122,1402,WEBP,formal_hd_asset,yes,876f13fad1dbfa7e87c286f67ff496e788cb8dfcbaa31195c18922ab74cfa7e3,File:Magnolia officinalis habit.jpg,https://commons.wikimedia.org/wiki/File:Magnolia_officinalis_habit.jpg,1768,2357,Bruce Marlin,CC BY-SA 3.0,https://creativecommons.org/licenses/by-sa/3.0,Magnolia officinalis
BC.026,厚朴,Magnoliae Officinalis Cortex,Magnolia officinalis,干燥干皮、根皮及枝皮,specimen,bc026-houpo-specimen-v1.webp,1122,1402,WEBP,formal_hd_asset,yes,fc5fb214e3db3a8b551fae8260a37467f4b4fb6b0563eca96c7cdb58d94d4fa5,File:Magnolia officinalis habit.jpg,https://commons.wikimedia.org/wiki/File:Magnolia_officinalis_habit.jpg,1768,2357,Bruce Marlin,CC BY-SA 3.0,https://creativecommons.org/licenses/by-sa/3.0,Magnolia officinalis
BC.026,厚朴,Magnoliae Officinalis Cortex,Magnolia officinalis,干燥干皮、根皮及枝皮,detail-01,bc026-houpo-detail-01-v1.webp,1122,1402,WEBP,formal_hd_asset,yes,107ebc8c15196e6f49ea333b364c86de66f1a60961d9d39cffb89f8cb9a373cb,File:Magnolia officinalis habit.jpg,https://commons.wikimedia.org/wiki/File:Magnolia_officinalis_habit.jpg,1768,2357,Bruce Marlin,CC BY-SA 3.0,https://creativecommons.org/licenses/by-sa/3.0,Magnolia officinalis
BC.026,厚朴,Magnoliae Officinalis Cortex,Magnolia officinalis,干燥干皮、根皮及枝皮,detail-02,bc026-houpo-detail-02-v1.webp,1122,1402,WEBP,formal_hd_asset,yes,cacdef4422a36a49d903fcebc8c76a065869b360c1612b79c9cd26fe4c09084a,File:Magnolia officinalis habit.jpg,https://commons.wikimedia.org/wiki/File:Magnolia_officinalis_habit.jpg,1768,2357,Bruce Marlin,CC BY-SA 3.0,https://creativecommons.org/licenses/by-sa/3.0,Magnolia officinalis
BC.026,厚朴,Magnoliae Officinalis Cortex,Magnolia officinalis,干燥干皮、根皮及枝皮,detail-03,bc026-houpo-detail-03-v1.webp,1122,1402,WEBP,formal_hd_asset,yes,87c58e862662bd8fdb4c100660e6ffce04b22bfb81b7788dcd519472ed15fadd,File:Magnolia officinalis habit.jpg,https://commons.wikimedia.org/wiki/File:Magnolia_officinalis_habit.jpg,1768,2357,Bruce Marlin,CC BY-SA 3.0,https://creativecommons.org/licenses/by-sa/3.0,Magnolia officinalis
BC.026,厚朴,Magnoliae Officinalis Cortex,Magnolia officinalis,干燥干皮、根皮及枝皮,detail-04,bc026-houpo-detail-04-v1.webp,1122,1402,WEBP,formal_hd_asset,yes,b3545d61f708cf40f4b693eac3c67fc248a044cce03218288a1d514995960252,File:Magnolia officinalis habit.jpg,https://commons.wikimedia.org/wiki/File:Magnolia_officinalis_habit.jpg,1768,2357,Bruce Marlin,CC BY-SA 3.0,https://creativecommons.org/licenses/by-sa/3.0,Magnolia officinalis
BC.026,厚朴,Magnoliae Officinalis Cortex,Magnolia officinalis,干燥干皮、根皮及枝皮,detail-05,bc026-houpo-detail-05-v1.webp,1122,1402,WEBP,formal_hd_asset,yes,847cc7b13e643d15f393e0943e5ab45579ddbd44f0b4524fe9ca40ba8c6cd2ed,File:Magnolia officinalis habit.jpg,https://commons.wikimedia.org/wiki/File:Magnolia_officinalis_habit.jpg,1768,2357,Bruce Marlin,CC BY-SA 3.0,https://creativecommons.org/licenses/by-sa/3.0,Magnolia officinalis
BC.027,黄连,Coptidis Rhizoma,Coptis chinensis,干燥根茎,hero,bc027-huanglian-hero-v1.webp,1122,1402,WEBP,formal_hd_asset,yes,03db40c5d2c5b2b77568df84402a5b8a263705820e9124de726a5c0e9967bdd9,File:Coptis japonica、5026696、黄蓮・丹波市立薬草薬樹公園.JPG,https://commons.wikimedia.org/wiki/File:Coptis_japonica%E3%80%815026696%E3%80%81%E9%BB%84%E8%93%AE%E3%83%BB%E4%B8%B9%E6%B3%A2%E5%B8%82%E7%AB%8B%E8%96%AC%E8%8D%89%E8%96%AC%E6%A8%B9%E5%85%AC%E5%9C%92.JPG,1280,960,松岡明芳,CC BY-SA 3.0,https://creativecommons.org/licenses/by-sa/3.0,manual exact title
BC.027,黄连,Coptidis Rhizoma,Coptis chinensis,干燥根茎,specimen,bc027-huanglian-specimen-v1.webp,1122,1402,WEBP,formal_hd_asset,yes,b926a5c5d4b7c64c7b00189b7a33f199191c5e6d8d8ef42912a5094def93a3b6,File:Coptis japonica、5026696、黄蓮・丹波市立薬草薬樹公園.JPG,https://commons.wikimedia.org/wiki/File:Coptis_japonica%E3%80%815026696%E3%80%81%E9%BB%84%E8%93%AE%E3%83%BB%E4%B8%B9%E6%B3%A2%E5%B8%82%E7%AB%8B%E8%96%AC%E8%8D%89%E8%96%AC%E6%A8%B9%E5%85%AC%E5%9C%92.JPG,1280,960,松岡明芳,CC BY-SA 3.0,https://creativecommons.org/licenses/by-sa/3.0,manual exact title
BC.027,黄连,Coptidis Rhizoma,Coptis chinensis,干燥根茎,detail-01,bc027-huanglian-detail-01-v1.webp,1122,1402,WEBP,formal_hd_asset,yes,aa6a546ab6f843d1a06607a0aea7a2ebd77b9838d8c0d8fe76840e33ca27b8b3,File:Coptis japonica、5026696、黄蓮・丹波市立薬草薬樹公園.JPG,https://commons.wikimedia.org/wiki/File:Coptis_japonica%E3%80%815026696%E3%80%81%E9%BB%84%E8%93%AE%E3%83%BB%E4%B8%B9%E6%B3%A2%E5%B8%82%E7%AB%8B%E8%96%AC%E8%8D%89%E8%96%AC%E6%A8%B9%E5%85%AC%E5%9C%92.JPG,1280,960,松岡明芳,CC BY-SA 3.0,https://creativecommons.org/licenses/by-sa/3.0,manual exact title
BC.027,黄连,Coptidis Rhizoma,Coptis chinensis,干燥根茎,detail-02,bc027-huanglian-detail-02-v1.webp,1122,1402,WEBP,formal_hd_asset,yes,90081b78fbb8301c87ab33e9299c4fc48a727a746098cb2699c6d651563ed4c2,File:Coptis japonica、5026696、黄蓮・丹波市立薬草薬樹公園.JPG,https://commons.wikimedia.org/wiki/File:Coptis_japonica%E3%80%815026696%E3%80%81%E9%BB%84%E8%93%AE%E3%83%BB%E4%B8%B9%E6%B3%A2%E5%B8%82%E7%AB%8B%E8%96%AC%E8%8D%89%E8%96%AC%E6%A8%B9%E5%85%AC%E5%9C%92.JPG,1280,960,松岡明芳,CC BY-SA 3.0,https://creativecommons.org/licenses/by-sa/3.0,manual exact title
BC.027,黄连,Coptidis Rhizoma,Coptis chinensis,干燥根茎,detail-03,bc027-huanglian-detail-03-v1.webp,1122,1402,WEBP,formal_hd_asset,yes,ab0540ad69c51c7272b4bc1d7595011d21c9bf0fc4165acf190c87e7e3a4f53b,File:Coptis japonica、5026696、黄蓮・丹波市立薬草薬樹公園.JPG,https://commons.wikimedia.org/wiki/File:Coptis_japonica%E3%80%815026696%E3%80%81%E9%BB%84%E8%93%AE%E3%83%BB%E4%B8%B9%E6%B3%A2%E5%B8%82%E7%AB%8B%E8%96%AC%E8%8D%89%E8%96%AC%E6%A8%B9%E5%85%AC%E5%9C%92.JPG,1280,960,松岡明芳,CC BY-SA 3.0,https://creativecommons.org/licenses/by-sa/3.0,manual exact title
BC.027,黄连,Coptidis Rhizoma,Coptis chinensis,干燥根茎,detail-04,bc027-huanglian-detail-04-v1.webp,1122,1402,WEBP,formal_hd_asset,yes,c9e972647451cbe0d9538b162b9e65a2803abbc835207ec6d89ab36b8a443d4d,File:Coptis japonica、5026696、黄蓮・丹波市立薬草薬樹公園.JPG,https://commons.wikimedia.org/wiki/File:Coptis_japonica%E3%80%815026696%E3%80%81%E9%BB%84%E8%93%AE%E3%83%BB%E4%B8%B9%E6%B3%A2%E5%B8%82%E7%AB%8B%E8%96%AC%E8%8D%89%E8%96%AC%E6%A8%B9%E5%85%AC%E5%9C%92.JPG,1280,960,松岡明芳,CC BY-SA 3.0,https://creativecommons.org/licenses/by-sa/3.0,manual exact title
BC.027,黄连,Coptidis Rhizoma,Coptis chinensis,干燥根茎,detail-05,bc027-huanglian-detail-05-v1.webp,1122,1402,WEBP,formal_hd_asset,yes,bd9a32db501b160a302dc2db39f705e69e094d458755015f01e96ce3c1ca7a79,File:Coptis japonica、5026696、黄蓮・丹波市立薬草薬樹公園.JPG,https://commons.wikimedia.org/wiki/File:Coptis_japonica%E3%80%815026696%E3%80%81%E9%BB%84%E8%93%AE%E3%83%BB%E4%B8%B9%E6%B3%A2%E5%B8%82%E7%AB%8B%E8%96%AC%E8%8D%89%E8%96%AC%E6%A8%B9%E5%85%AC%E5%9C%92.JPG,1280,960,松岡明芳,CC BY-SA 3.0,https://creativecommons.org/licenses/by-sa/3.0,manual exact title
BC.028,黄芩,Scutellariae Radix,Scutellaria baicalensis,干燥根,hero,bc028-huangqin-hero-v1.webp,1122,1402,WEBP,formal_hd_asset,yes,9bd5d9e1f82fe10ef754b00bebab3811ff121907dae73fdb15660f93e21b25cd,File:Tarczyca bajkalska.jpg,https://commons.wikimedia.org/wiki/File:Tarczyca_bajkalska.jpg,7360,4912,Natalia TC,CC BY-SA 4.0,https://creativecommons.org/licenses/by-sa/4.0,Scutellaria baicalensis
BC.028,黄芩,Scutellariae Radix,Scutellaria baicalensis,干燥根,specimen,bc028-huangqin-specimen-v1.webp,1122,1402,WEBP,formal_hd_asset,yes,3e799b2009a40f92af0899e52f6c65642ecff297f3f08a7fc0b272efb61ab099,File:Scutellaria baicalensis kz02.jpg,https://commons.wikimedia.org/wiki/File:Scutellaria_baicalensis_kz02.jpg,4000,6000,"Krzysztof Ziarnek, Kenraiz",CC BY-SA 4.0,https://creativecommons.org/licenses/by-sa/4.0,Scutellaria baicalensis
BC.028,黄芩,Scutellariae Radix,Scutellaria baicalensis,干燥根,detail-01,bc028-huangqin-detail-01-v1.webp,1122,1402,WEBP,formal_hd_asset,yes,592d059220481cf54c63de2d92c1b7c7be4ccd5edc9df9fa37d616572ccddd3b,File:Scutellaria baicalensis kz04.jpg,https://commons.wikimedia.org/wiki/File:Scutellaria_baicalensis_kz04.jpg,5339,3814,"Krzysztof Ziarnek, Kenraiz",CC BY-SA 4.0,https://creativecommons.org/licenses/by-sa/4.0,Scutellaria baicalensis
BC.028,黄芩,Scutellariae Radix,Scutellaria baicalensis,干燥根,detail-02,bc028-huangqin-detail-02-v1.webp,1122,1402,WEBP,formal_hd_asset,yes,62d6baf718d2d260ffb27643afd29ac6ee3c7a61803ed64b251e8c03aa738d15,File:Tarczyca bajkalska.jpg,https://commons.wikimedia.org/wiki/File:Tarczyca_bajkalska.jpg,7360,4912,Natalia TC,CC BY-SA 4.0,https://creativecommons.org/licenses/by-sa/4.0,Scutellaria baicalensis
BC.028,黄芩,Scutellariae Radix,Scutellaria baicalensis,干燥根,detail-03,bc028-huangqin-detail-03-v1.webp,1122,1402,WEBP,formal_hd_asset,yes,bd852f99bc975a19a18b0acf53cc5709bf5f593f5258f233a967911075ccdd91,File:Scutellaria baicalensis kz02.jpg,https://commons.wikimedia.org/wiki/File:Scutellaria_baicalensis_kz02.jpg,4000,6000,"Krzysztof Ziarnek, Kenraiz",CC BY-SA 4.0,https://creativecommons.org/licenses/by-sa/4.0,Scutellaria baicalensis
BC.028,黄芩,Scutellariae Radix,Scutellaria baicalensis,干燥根,detail-04,bc028-huangqin-detail-04-v1.webp,1122,1402,WEBP,formal_hd_asset,yes,fd878512a728e65565e8a40d36df2c276e859980a35b8f373f5d2564dab2f374,File:Scutellaria baicalensis kz04.jpg,https://commons.wikimedia.org/wiki/File:Scutellaria_baicalensis_kz04.jpg,5339,3814,"Krzysztof Ziarnek, Kenraiz",CC BY-SA 4.0,https://creativecommons.org/licenses/by-sa/4.0,Scutellaria baicalensis
BC.028,黄芩,Scutellariae Radix,Scutellaria baicalensis,干燥根,detail-05,bc028-huangqin-detail-05-v1.webp,1122,1402,WEBP,formal_hd_asset,yes,c9fa1a9183c1194c09b21768e09c8a467f5cd1a188a7d1af87cb43e7d3143c40,File:Tarczyca bajkalska.jpg,https://commons.wikimedia.org/wiki/File:Tarczyca_bajkalska.jpg,7360,4912,Natalia TC,CC BY-SA 4.0,https://creativecommons.org/licenses/by-sa/4.0,Scutellaria baicalensis
BC.029,泽泻,Alismatis Rhizoma,Alisma orientale,干燥块茎,hero,bc029-zexie-hero-v1.webp,1122,1402,WEBP,formal_hd_asset,yes,fe273ba7972602e7e263072965566600a0962cc9a2a1e80464577b44c3a573c9,File:Alisma plantago-aquatica & green eggs20140606 10.jpg,https://commons.wikimedia.org/wiki/File:Alisma_plantago-aquatica_%26_green_eggs20140606_10.jpg,2048,1536,Bff,CC BY-SA 4.0,https://creativecommons.org/licenses/by-sa/4.0,Alisma plantago-aquatica
BC.029,泽泻,Alismatis Rhizoma,Alisma orientale,干燥块茎,specimen,bc029-zexie-specimen-v1.webp,1122,1402,WEBP,formal_hd_asset,yes,325f22db15db2942beb611bd0b3d7c9b4669d310df652717a1436d59d0b3b88b,File:Alisma plantago-aquatica kz02.jpg,https://commons.wikimedia.org/wiki/File:Alisma_plantago-aquatica_kz02.jpg,3698,2642,"Krzysztof Ziarnek, Kenraiz",CC BY-SA 4.0,https://creativecommons.org/licenses/by-sa/4.0,Alisma plantago-aquatica
BC.029,泽泻,Alismatis Rhizoma,Alisma orientale,干燥块茎,detail-01,bc029-zexie-detail-01-v1.webp,1122,1402,WEBP,formal_hd_asset,yes,0f7579cc4896620facc83ec23ac7df700ee906ec75a1f854b6c6b48dbcbab122,File:Alisma plantago-aquatica kz01.jpg,https://commons.wikimedia.org/wiki/File:Alisma_plantago-aquatica_kz01.jpg,3105,2218,"Krzysztof Ziarnek, Kenraiz",CC BY-SA 4.0,https://creativecommons.org/licenses/by-sa/4.0,Alisma plantago-aquatica
BC.029,泽泻,Alismatis Rhizoma,Alisma orientale,干燥块茎,detail-02,bc029-zexie-detail-02-v1.webp,1122,1402,WEBP,formal_hd_asset,yes,ad7915a8e83f2bf47595f3beac3b212eb04b2f12c0fa2696cea49bcf1c1431a0,File:Alisma plantago-aquatica & green eggs20140606 10.jpg,https://commons.wikimedia.org/wiki/File:Alisma_plantago-aquatica_%26_green_eggs20140606_10.jpg,2048,1536,Bff,CC BY-SA 4.0,https://creativecommons.org/licenses/by-sa/4.0,Alisma plantago-aquatica
BC.029,泽泻,Alismatis Rhizoma,Alisma orientale,干燥块茎,detail-03,bc029-zexie-detail-03-v1.webp,1122,1402,WEBP,formal_hd_asset,yes,51941015051bf14c6f6e9cce796c7db8927af935f4c70ac9da9945ff8bd53971,File:Alisma plantago-aquatica kz02.jpg,https://commons.wikimedia.org/wiki/File:Alisma_plantago-aquatica_kz02.jpg,3698,2642,"Krzysztof Ziarnek, Kenraiz",CC BY-SA 4.0,https://creativecommons.org/licenses/by-sa/4.0,Alisma plantago-aquatica
BC.029,泽泻,Alismatis Rhizoma,Alisma orientale,干燥块茎,detail-04,bc029-zexie-detail-04-v1.webp,1122,1402,WEBP,formal_hd_asset,yes,701ba75dab402e46761d8884adbe1507d3d542aa1bc9a8926acefbbd3bfb090b,File:Alisma plantago-aquatica kz01.jpg,https://commons.wikimedia.org/wiki/File:Alisma_plantago-aquatica_kz01.jpg,3105,2218,"Krzysztof Ziarnek, Kenraiz",CC BY-SA 4.0,https://creativecommons.org/licenses/by-sa/4.0,Alisma plantago-aquatica
BC.029,泽泻,Alismatis Rhizoma,Alisma orientale,干燥块茎,detail-05,bc029-zexie-detail-05-v1.webp,1122,1402,WEBP,formal_hd_asset,yes,e1e10aac0d48ba7f6d1fdffd225872f3bf91b9400207983d65731e095436489c,File:Alisma plantago-aquatica & green eggs20140606 10.jpg,https://commons.wikimedia.org/wiki/File:Alisma_plantago-aquatica_%26_green_eggs20140606_10.jpg,2048,1536,Bff,CC BY-SA 4.0,https://creativecommons.org/licenses/by-sa/4.0,Alisma plantago-aquatica
BC.030,半夏,Pinelliae Rhizoma,Pinellia ternata,干燥块茎,hero,bc030-banxia-hero-v1.webp,1122,1402,WEBP,formal_hd_asset,yes,59cd7ec893568653a5520dd64a07ee031edcccf6c8033a3b67c274faff70d52b,File:Pinellia ternata bulbil.jpg,https://commons.wikimedia.org/wiki/File:Pinellia_ternata_bulbil.jpg,1180,803,Enzo^,CC BY-SA 4.0,https://creativecommons.org/licenses/by-sa/4.0,Pinellia ternata
BC.030,半夏,Pinelliae Rhizoma,Pinellia ternata,干燥块茎,specimen,bc030-banxia-specimen-v1.webp,1122,1402,WEBP,formal_hd_asset,yes,90c62e6f1071e21ae0f37ba9dfaf80bbe9c74976eda2f974dfac382f2da7171e,File:Pinellia ternata bulbil.jpg,https://commons.wikimedia.org/wiki/File:Pinellia_ternata_bulbil.jpg,1180,803,Enzo^,CC BY-SA 4.0,https://creativecommons.org/licenses/by-sa/4.0,Pinellia ternata
BC.030,半夏,Pinelliae Rhizoma,Pinellia ternata,干燥块茎,detail-01,bc030-banxia-detail-01-v1.webp,1122,1402,WEBP,formal_hd_asset,yes,535c78bd2ebdc863c644d227fbebc02514cdfe7e6f6c76b0d5315d2a921c5e37,File:Pinellia ternata bulbil.jpg,https://commons.wikimedia.org/wiki/File:Pinellia_ternata_bulbil.jpg,1180,803,Enzo^,CC BY-SA 4.0,https://creativecommons.org/licenses/by-sa/4.0,Pinellia ternata
BC.030,半夏,Pinelliae Rhizoma,Pinellia ternata,干燥块茎,detail-02,bc030-banxia-detail-02-v1.webp,1122,1402,WEBP,formal_hd_asset,yes,e7573b6dd029f56edded79ef746f3d609fc1143b3ea831e07caf1e3850a5f447,File:Pinellia ternata bulbil.jpg,https://commons.wikimedia.org/wiki/File:Pinellia_ternata_bulbil.jpg,1180,803,Enzo^,CC BY-SA 4.0,https://creativecommons.org/licenses/by-sa/4.0,Pinellia ternata
BC.030,半夏,Pinelliae Rhizoma,Pinellia ternata,干燥块茎,detail-03,bc030-banxia-detail-03-v1.webp,1122,1402,WEBP,formal_hd_asset,yes,2b7cbe87e39b822c90e1d7d8b85bcc47504b071d89e0412778b05d38b2d29fe9,File:Pinellia ternata bulbil.jpg,https://commons.wikimedia.org/wiki/File:Pinellia_ternata_bulbil.jpg,1180,803,Enzo^,CC BY-SA 4.0,https://creativecommons.org/licenses/by-sa/4.0,Pinellia ternata
BC.030,半夏,Pinelliae Rhizoma,Pinellia ternata,干燥块茎,detail-04,bc030-banxia-detail-04-v1.webp,1122,1402,WEBP,formal_hd_asset,yes,60a6dbfc4f91ddcf44abbb2d4807b31a8cf040979db18ea6570f22431c9c3e9e,File:Pinellia ternata bulbil.jpg,https://commons.wikimedia.org/wiki/File:Pinellia_ternata_bulbil.jpg,1180,803,Enzo^,CC BY-SA 4.0,https://creativecommons.org/licenses/by-sa/4.0,Pinellia ternata
BC.030,半夏,Pinelliae Rhizoma,Pinellia ternata,干燥块茎,detail-05,bc030-banxia-detail-05-v1.webp,1122,1402,WEBP,formal_hd_asset,yes,109a938dc8de2868e53f8e5c888e9594274798e2082818e203da1e5584d752e1,File:Pinellia ternata bulbil.jpg,https://commons.wikimedia.org/wiki/File:Pinellia_ternata_bulbil.jpg,1180,803,Enzo^,CC BY-SA 4.0,https://creativecommons.org/licenses/by-sa/4.0,Pinellia ternata
BC.031,天麻,Gastrodiae Rhizoma,Gastrodia elata,干燥块茎,hero,bc031-tianma-hero-v1.webp,1122,1402,WEBP,formal_hd_asset,yes,2ccfaa212594d4e191dd51588d1fb4f87e0795472e86ef1972622510bf4387b8,File:Gastrodia elata slices.jpg,https://commons.wikimedia.org/wiki/File:Gastrodia_elata_slices.jpg,3000,3000,Fumikas Sagisavas,CC0,http://creativecommons.org/publicdomain/zero/1.0/deed.en,Gastrodia elata
BC.031,天麻,Gastrodiae Rhizoma,Gastrodia elata,干燥块茎,specimen,bc031-tianma-specimen-v1.webp,1122,1402,WEBP,formal_hd_asset,yes,32e0c53befc539fa445a082e9e5d83dc6622fa797c6a17eeab7bf32713b6c8d9,File:6月19日 天麻山藥煲雞，還加了花生蜜棗紅棗枸杞和紅腰豆.jpg,https://commons.wikimedia.org/wiki/File:6%E6%9C%8819%E6%97%A5_%E5%A4%A9%E9%BA%BB%E5%B1%B1%E8%97%A5%E7%85%B2%E9%9B%9E%EF%BC%8C%E9%82%84%E5%8A%A0%E4%BA%86%E8%8A%B1%E7%94%9F%E8%9C%9C%E6%A3%97%E7%B4%85%E6%A3%97%E6%9E%B8%E6%9D%9E%E5%92%8C%E7%B4%85%E8%85%B0%E8%B1%86.jpg,1600,1200,Singzy,CC BY 2.0,https://creativecommons.org/licenses/by/2.0,Gastrodia elata
BC.031,天麻,Gastrodiae Rhizoma,Gastrodia elata,干燥块茎,detail-01,bc031-tianma-detail-01-v1.webp,1122,1402,WEBP,formal_hd_asset,yes,02fc0cfaae89e4420d0be8f77b05213eaeb4b660bbefec57ca0577bff3c5780b,File:Gastrodia elata slices.jpg,https://commons.wikimedia.org/wiki/File:Gastrodia_elata_slices.jpg,3000,3000,Fumikas Sagisavas,CC0,http://creativecommons.org/publicdomain/zero/1.0/deed.en,Gastrodia elata
BC.031,天麻,Gastrodiae Rhizoma,Gastrodia elata,干燥块茎,detail-02,bc031-tianma-detail-02-v1.webp,1122,1402,WEBP,formal_hd_asset,yes,fd7d3e3c3ee781eb4ce3cead26619f279ec98c7539974064705e6d51200f38ae,File:6月19日 天麻山藥煲雞，還加了花生蜜棗紅棗枸杞和紅腰豆.jpg,https://commons.wikimedia.org/wiki/File:6%E6%9C%8819%E6%97%A5_%E5%A4%A9%E9%BA%BB%E5%B1%B1%E8%97%A5%E7%85%B2%E9%9B%9E%EF%BC%8C%E9%82%84%E5%8A%A0%E4%BA%86%E8%8A%B1%E7%94%9F%E8%9C%9C%E6%A3%97%E7%B4%85%E6%A3%97%E6%9E%B8%E6%9D%9E%E5%92%8C%E7%B4%85%E8%85%B0%E8%B1%86.jpg,1600,1200,Singzy,CC BY 2.0,https://creativecommons.org/licenses/by/2.0,Gastrodia elata
BC.031,天麻,Gastrodiae Rhizoma,Gastrodia elata,干燥块茎,detail-03,bc031-tianma-detail-03-v1.webp,1122,1402,WEBP,formal_hd_asset,yes,34bce62c871a2bdf04525ccf5a920adeb80fe53c22c75f6ef194d6415e1a3eec,File:Gastrodia elata slices.jpg,https://commons.wikimedia.org/wiki/File:Gastrodia_elata_slices.jpg,3000,3000,Fumikas Sagisavas,CC0,http://creativecommons.org/publicdomain/zero/1.0/deed.en,Gastrodia elata
BC.031,天麻,Gastrodiae Rhizoma,Gastrodia elata,干燥块茎,detail-04,bc031-tianma-detail-04-v1.webp,1122,1402,WEBP,formal_hd_asset,yes,0a741dba87e917c32030d66635b13a2c6671ea828e50f018f2e206586873933d,File:6月19日 天麻山藥煲雞，還加了花生蜜棗紅棗枸杞和紅腰豆.jpg,https://commons.wikimedia.org/wiki/File:6%E6%9C%8819%E6%97%A5_%E5%A4%A9%E9%BA%BB%E5%B1%B1%E8%97%A5%E7%85%B2%E9%9B%9E%EF%BC%8C%E9%82%84%E5%8A%A0%E4%BA%86%E8%8A%B1%E7%94%9F%E8%9C%9C%E6%A3%97%E7%B4%85%E6%A3%97%E6%9E%B8%E6%9D%9E%E5%92%8C%E7%B4%85%E8%85%B0%E8%B1%86.jpg,1600,1200,Singzy,CC BY 2.0,https://creativecommons.org/licenses/by/2.0,Gastrodia elata
BC.031,天麻,Gastrodiae Rhizoma,Gastrodia elata,干燥块茎,detail-05,bc031-tianma-detail-05-v1.webp,1122,1402,WEBP,formal_hd_asset,yes,849f92f47a53fc1556c375fdccf9d0ab7d49b57b4a5bc24343a45f0e018edd6f,File:Gastrodia elata slices.jpg,https://commons.wikimedia.org/wiki/File:Gastrodia_elata_slices.jpg,3000,3000,Fumikas Sagisavas,CC0,http://creativecommons.org/publicdomain/zero/1.0/deed.en,Gastrodia elata
BC.032,牛膝,Achyranthis Bidentatae Radix,Achyranthes bidentata,干燥根,hero,bc032-niuxi-hero-v1.webp,1122,1402,WEBP,formal_hd_asset,yes,6e2bb0ab11b70542b6ee9c56a5566ce1881bbb608ffbecda903bbe8e3c2cbdf3,File:Achyranthes bidentata? (31125927382).jpg,https://commons.wikimedia.org/wiki/File:Achyranthes_bidentata%3F_(31125927382).jpg,4608,3456,"Dinesh Valke from Thane, India",CC BY-SA 2.0,https://creativecommons.org/licenses/by-sa/2.0,Achyranthes bidentata
BC.032,牛膝,Achyranthis Bidentatae Radix,Achyranthes bidentata,干燥根,specimen,bc032-niuxi-specimen-v1.webp,1122,1402,WEBP,formal_hd_asset,yes,7d8a3cf7364b796a8abc029e991a3f67ee5b333af43e29e8382c760b4f22c7da,File:Achyranthes bidentata? (31233993976).jpg,https://commons.wikimedia.org/wiki/File:Achyranthes_bidentata%3F_(31233993976).jpg,4608,3456,"Dinesh Valke from Thane, India",CC BY-SA 2.0,https://creativecommons.org/licenses/by-sa/2.0,Achyranthes bidentata
BC.032,牛膝,Achyranthis Bidentatae Radix,Achyranthes bidentata,干燥根,detail-01,bc032-niuxi-detail-01-v1.webp,1122,1402,WEBP,formal_hd_asset,yes,f24c278324e2f4d19bb5fdb466b5f0d7d847a9372f308b36ed80f3f98f1c7bd7,File:Achyranthes bidentata? (31270303955).jpg,https://commons.wikimedia.org/wiki/File:Achyranthes_bidentata%3F_(31270303955).jpg,4608,3456,"Dinesh Valke from Thane, India",CC BY-SA 2.0,https://creativecommons.org/licenses/by-sa/2.0,Achyranthes bidentata
BC.032,牛膝,Achyranthis Bidentatae Radix,Achyranthes bidentata,干燥根,detail-02,bc032-niuxi-detail-02-v1.webp,1122,1402,WEBP,formal_hd_asset,yes,bf32d86d3a9c1fbd48a635dd8fc034d11e279a1ff5a5fc4793d48bef0bad3c3d,File:Achyranthes bidentata? (31125927382).jpg,https://commons.wikimedia.org/wiki/File:Achyranthes_bidentata%3F_(31125927382).jpg,4608,3456,"Dinesh Valke from Thane, India",CC BY-SA 2.0,https://creativecommons.org/licenses/by-sa/2.0,Achyranthes bidentata
BC.032,牛膝,Achyranthis Bidentatae Radix,Achyranthes bidentata,干燥根,detail-03,bc032-niuxi-detail-03-v1.webp,1122,1402,WEBP,formal_hd_asset,yes,6c6d48ae7141be1124dba993dd038ab1ed00bed868098b56f301f20bc1b1aa40,File:Achyranthes bidentata? (31233993976).jpg,https://commons.wikimedia.org/wiki/File:Achyranthes_bidentata%3F_(31233993976).jpg,4608,3456,"Dinesh Valke from Thane, India",CC BY-SA 2.0,https://creativecommons.org/licenses/by-sa/2.0,Achyranthes bidentata
BC.032,牛膝,Achyranthis Bidentatae Radix,Achyranthes bidentata,干燥根,detail-04,bc032-niuxi-detail-04-v1.webp,1122,1402,WEBP,formal_hd_asset,yes,2da6a12ee3116e2d019d8d91a038467465fe9570af1671696157d67e8efaa1eb,File:Achyranthes bidentata? (31270303955).jpg,https://commons.wikimedia.org/wiki/File:Achyranthes_bidentata%3F_(31270303955).jpg,4608,3456,"Dinesh Valke from Thane, India",CC BY-SA 2.0,https://creativecommons.org/licenses/by-sa/2.0,Achyranthes bidentata
BC.032,牛膝,Achyranthis Bidentatae Radix,Achyranthes bidentata,干燥根,detail-05,bc032-niuxi-detail-05-v1.webp,1122,1402,WEBP,formal_hd_asset,yes,8c27da702390a8ddfbe4f9eb06276cedbf934e0adafd77eb7c0c9e7119a8b43c,File:Achyranthes bidentata? (31125927382).jpg,https://commons.wikimedia.org/wiki/File:Achyranthes_bidentata%3F_(31125927382).jpg,4608,3456,"Dinesh Valke from Thane, India",CC BY-SA 2.0,https://creativecommons.org/licenses/by-sa/2.0,Achyranthes bidentata
BC.033,杜仲,Eucommiae Cortex,Eucommia ulmoides,干燥树皮,hero,bc033-duzhong-hero-v1.webp,1122,1402,WEBP,formal_hd_asset,yes,0adbce87411bc8576f5bb6f31c0f74d151a236d570b10bc299274aeb848b41e8,File:Eucommia bark slices.jpg,https://commons.wikimedia.org/wiki/File:Eucommia_bark_slices.jpg,3000,3000,Fumikas Sagisavas,CC0,http://creativecommons.org/publicdomain/zero/1.0/deed.en,Eucommia ulmoides bark
BC.033,杜仲,Eucommiae Cortex,Eucommia ulmoides,干燥树皮,specimen,bc033-duzhong-specimen-v1.webp,1122,1402,WEBP,formal_hd_asset,yes,14ed7c378962e7de92323977bb18fafca86d97330b22c52009c5b00b6ec84a7f,File:Eucommia ulmoides slices.jpg,https://commons.wikimedia.org/wiki/File:Eucommia_ulmoides_slices.jpg,3000,3000,Fumikas Sagisavas,CC0,http://creativecommons.org/publicdomain/zero/1.0/deed.en,Eucommia ulmoides
BC.033,杜仲,Eucommiae Cortex,Eucommia ulmoides,干燥树皮,detail-01,bc033-duzhong-detail-01-v1.webp,1122,1402,WEBP,formal_hd_asset,yes,5874292b7d4e340c3185a35aefb1ed72a10d29cffa5137006e611524f335615f,File:Eucommia ulmoides Eukomia wiązolistna 2019-09-15 01.jpg,https://commons.wikimedia.org/wiki/File:Eucommia_ulmoides_Eukomia_wi%C4%85zolistna_2019-09-15_01.jpg,2433,3243,"Agnieszka Kwiecień, Nova",CC BY-SA 4.0,https://creativecommons.org/licenses/by-sa/4.0,Eucommia ulmoides bark
BC.033,杜仲,Eucommiae Cortex,Eucommia ulmoides,干燥树皮,detail-02,bc033-duzhong-detail-02-v1.webp,1122,1402,WEBP,formal_hd_asset,yes,2243cab195e71c1cc02aa7187eb84ba95d384afca2e3c3c604fa6b1e20b3e029,File:Eucommia bark slices.jpg,https://commons.wikimedia.org/wiki/File:Eucommia_bark_slices.jpg,3000,3000,Fumikas Sagisavas,CC0,http://creativecommons.org/publicdomain/zero/1.0/deed.en,Eucommia ulmoides bark
BC.033,杜仲,Eucommiae Cortex,Eucommia ulmoides,干燥树皮,detail-03,bc033-duzhong-detail-03-v1.webp,1122,1402,WEBP,formal_hd_asset,yes,551d2efc593c09a0488f7471770df927ce801172376a7fd2a675c28d7a149a07,File:Eucommia ulmoides slices.jpg,https://commons.wikimedia.org/wiki/File:Eucommia_ulmoides_slices.jpg,3000,3000,Fumikas Sagisavas,CC0,http://creativecommons.org/publicdomain/zero/1.0/deed.en,Eucommia ulmoides
BC.033,杜仲,Eucommiae Cortex,Eucommia ulmoides,干燥树皮,detail-04,bc033-duzhong-detail-04-v1.webp,1122,1402,WEBP,formal_hd_asset,yes,6f32a5450d112cbc7fd2309321eda61ce8e8ce796d9a12cb014e2c81ffd3c04d,File:Eucommia ulmoides Eukomia wiązolistna 2019-09-15 01.jpg,https://commons.wikimedia.org/wiki/File:Eucommia_ulmoides_Eukomia_wi%C4%85zolistna_2019-09-15_01.jpg,2433,3243,"Agnieszka Kwiecień, Nova",CC BY-SA 4.0,https://creativecommons.org/licenses/by-sa/4.0,Eucommia ulmoides bark
BC.033,杜仲,Eucommiae Cortex,Eucommia ulmoides,干燥树皮,detail-05,bc033-duzhong-detail-05-v1.webp,1122,1402,WEBP,formal_hd_asset,yes,ed9b901233ca53eea98b0a03412db89053ba7949f927d5f741a0cb1d462f3445,File:Eucommia bark slices.jpg,https://commons.wikimedia.org/wiki/File:Eucommia_bark_slices.jpg,3000,3000,Fumikas Sagisavas,CC0,http://creativecommons.org/publicdomain/zero/1.0/deed.en,Eucommia ulmoides bark
BC.034,木香,Aucklandiae Radix,Aucklandia costus / Saussurea costus,干燥根,hero,bc034-muxiang-hero-v1.webp,1122,1402,WEBP,formal_hd_asset,yes,a7a79319c531fdf159552ec8bfdc0a062487f47ae5b04bc48079b218961df8f0,File:Saussurea costus fresh dried roots with strong aroma.jpg,https://commons.wikimedia.org/wiki/File:Saussurea_costus_fresh_dried_roots_with_strong_aroma.jpg,576,1280,Plantagenet,CC BY-SA 4.0,https://creativecommons.org/licenses/by-sa/4.0,Aucklandia costus
BC.034,木香,Aucklandiae Radix,Aucklandia costus / Saussurea costus,干燥根,specimen,bc034-muxiang-specimen-v1.webp,1122,1402,WEBP,formal_hd_asset,yes,f425e06694fe922c2f7c79297d5238259fede6992b60c04a149a92c8986ab660,File:Saussurea costus fresh dry roots.jpg,https://commons.wikimedia.org/wiki/File:Saussurea_costus_fresh_dry_roots.jpg,746,1280,Plantagenet,CC BY-SA 4.0,https://creativecommons.org/licenses/by-sa/4.0,Aucklandia costus
BC.034,木香,Aucklandiae Radix,Aucklandia costus / Saussurea costus,干燥根,detail-01,bc034-muxiang-detail-01-v1.webp,1122,1402,WEBP,formal_hd_asset,yes,b67f1de987562827590574a18dcd927956e1df60c1c9b77a6a9b99a50241035a,"File:Внешний вид семян костуса (кыст аль хинди), Saussurea costus.jpg","https://commons.wikimedia.org/wiki/File:%D0%92%D0%BD%D0%B5%D1%88%D0%BD%D0%B8%D0%B9_%D0%B2%D0%B8%D0%B4_%D1%81%D0%B5%D0%BC%D1%8F%D0%BD_%D0%BA%D0%BE%D1%81%D1%82%D1%83%D1%81%D0%B0_(%D0%BA%D1%8B%D1%81%D1%82_%D0%B0%D0%BB%D1%8C_%D1%85%D0%B8%D0%BD%D0%B4%D0%B8),_Saussurea_costus.jpg",2792,1794,Plantagenet,CC BY-SA 4.0,https://creativecommons.org/licenses/by-sa/4.0,Aucklandia costus
BC.034,木香,Aucklandiae Radix,Aucklandia costus / Saussurea costus,干燥根,detail-02,bc034-muxiang-detail-02-v1.webp,1122,1402,WEBP,formal_hd_asset,yes,b102e099631f6cbb068b3724f603536c8ef64e8b617ed331f98db7b04080adc4,File:Saussurea costus fresh dried roots with strong aroma.jpg,https://commons.wikimedia.org/wiki/File:Saussurea_costus_fresh_dried_roots_with_strong_aroma.jpg,576,1280,Plantagenet,CC BY-SA 4.0,https://creativecommons.org/licenses/by-sa/4.0,Aucklandia costus
BC.034,木香,Aucklandiae Radix,Aucklandia costus / Saussurea costus,干燥根,detail-03,bc034-muxiang-detail-03-v1.webp,1122,1402,WEBP,formal_hd_asset,yes,e75ce9f97ab86a10527cb1f77815e4609a0134291bb03fcdc1c719f9bc2ed678,File:Saussurea costus fresh dry roots.jpg,https://commons.wikimedia.org/wiki/File:Saussurea_costus_fresh_dry_roots.jpg,746,1280,Plantagenet,CC BY-SA 4.0,https://creativecommons.org/licenses/by-sa/4.0,Aucklandia costus
BC.034,木香,Aucklandiae Radix,Aucklandia costus / Saussurea costus,干燥根,detail-04,bc034-muxiang-detail-04-v1.webp,1122,1402,WEBP,formal_hd_asset,yes,1897236919b60559a6f244e43fba95e625737963c6e5a335f3f0e5c11229d3d1,"File:Внешний вид семян костуса (кыст аль хинди), Saussurea costus.jpg","https://commons.wikimedia.org/wiki/File:%D0%92%D0%BD%D0%B5%D1%88%D0%BD%D0%B8%D0%B9_%D0%B2%D0%B8%D0%B4_%D1%81%D0%B5%D0%BC%D1%8F%D0%BD_%D0%BA%D0%BE%D1%81%D1%82%D1%83%D1%81%D0%B0_(%D0%BA%D1%8B%D1%81%D1%82_%D0%B0%D0%BB%D1%8C_%D1%85%D0%B8%D0%BD%D0%B4%D0%B8),_Saussurea_costus.jpg",2792,1794,Plantagenet,CC BY-SA 4.0,https://creativecommons.org/licenses/by-sa/4.0,Aucklandia costus
BC.034,木香,Aucklandiae Radix,Aucklandia costus / Saussurea costus,干燥根,detail-05,bc034-muxiang-detail-05-v1.webp,1122,1402,WEBP,formal_hd_asset,yes,6fcae6a2035bfa65cb557f92844950c943d64d9eab2fea54de5d97725622e7b1,File:Saussurea costus fresh dried roots with strong aroma.jpg,https://commons.wikimedia.org/wiki/File:Saussurea_costus_fresh_dried_roots_with_strong_aroma.jpg,576,1280,Plantagenet,CC BY-SA 4.0,https://creativecommons.org/licenses/by-sa/4.0,Aucklandia costus
BC.035,鸡血藤,Spatholobi Caulis,Spatholobus suberectus,干燥藤茎,hero,bc035-jixueteng-hero-v1.webp,1122,1402,WEBP,formal_hd_asset,yes,1ef38ce7d99a67eb1761dd8a31d2bbca1375ad769af5f7ec276557f461f72f95,File:Spatholobus stem slices.jpg,https://commons.wikimedia.org/wiki/File:Spatholobus_stem_slices.jpg,3000,3000,Fumikas Sagisavas,CC0,http://creativecommons.org/publicdomain/zero/1.0/deed.en,manual exact title
BC.035,鸡血藤,Spatholobi Caulis,Spatholobus suberectus,干燥藤茎,specimen,bc035-jixueteng-specimen-v1.webp,1122,1402,WEBP,formal_hd_asset,yes,6f29caf77615e564b73ee4bae2b9eec2e589d8142570e3dcf822a0a9f2a93c68,File:Spatholobus stem slices.jpg,https://commons.wikimedia.org/wiki/File:Spatholobus_stem_slices.jpg,3000,3000,Fumikas Sagisavas,CC0,http://creativecommons.org/publicdomain/zero/1.0/deed.en,manual exact title
BC.035,鸡血藤,Spatholobi Caulis,Spatholobus suberectus,干燥藤茎,detail-01,bc035-jixueteng-detail-01-v1.webp,1122,1402,WEBP,formal_hd_asset,yes,a03a636035962e02eabfb0224a9ffb5c6f9180adc4c09900310759e7131bf3fd,File:Spatholobus stem slices.jpg,https://commons.wikimedia.org/wiki/File:Spatholobus_stem_slices.jpg,3000,3000,Fumikas Sagisavas,CC0,http://creativecommons.org/publicdomain/zero/1.0/deed.en,manual exact title
BC.035,鸡血藤,Spatholobi Caulis,Spatholobus suberectus,干燥藤茎,detail-02,bc035-jixueteng-detail-02-v1.webp,1122,1402,WEBP,formal_hd_asset,yes,322a307e45cc501c15a2042f4adf4cb11658be58f9b3d3cfe3451a3cba337a55,File:Spatholobus stem slices.jpg,https://commons.wikimedia.org/wiki/File:Spatholobus_stem_slices.jpg,3000,3000,Fumikas Sagisavas,CC0,http://creativecommons.org/publicdomain/zero/1.0/deed.en,manual exact title
BC.035,鸡血藤,Spatholobi Caulis,Spatholobus suberectus,干燥藤茎,detail-03,bc035-jixueteng-detail-03-v1.webp,1122,1402,WEBP,formal_hd_asset,yes,346768b2aa217041b68521bbb80dbc924ed5e8dd4fad588beb3f1bad6e7b6762,File:Spatholobus stem slices.jpg,https://commons.wikimedia.org/wiki/File:Spatholobus_stem_slices.jpg,3000,3000,Fumikas Sagisavas,CC0,http://creativecommons.org/publicdomain/zero/1.0/deed.en,manual exact title
BC.035,鸡血藤,Spatholobi Caulis,Spatholobus suberectus,干燥藤茎,detail-04,bc035-jixueteng-detail-04-v1.webp,1122,1402,WEBP,formal_hd_asset,yes,943362ce2929896973216b1466a6dfabff1ed995d40520f12c693e7b070de53e,File:Spatholobus stem slices.jpg,https://commons.wikimedia.org/wiki/File:Spatholobus_stem_slices.jpg,3000,3000,Fumikas Sagisavas,CC0,http://creativecommons.org/publicdomain/zero/1.0/deed.en,manual exact title
BC.035,鸡血藤,Spatholobi Caulis,Spatholobus suberectus,干燥藤茎,detail-05,bc035-jixueteng-detail-05-v1.webp,1122,1402,WEBP,formal_hd_asset,yes,f5eb58421f1d9b64d1ca12ff76a7136b35799ee4a5fcdaef9ed4b7cbe3de2ac4,File:Spatholobus stem slices.jpg,https://commons.wikimedia.org/wiki/File:Spatholobus_stem_slices.jpg,3000,3000,Fumikas Sagisavas,CC0,http://creativecommons.org/publicdomain/zero/1.0/deed.en,manual exact title
BC.036,苏木,Sappan Lignum,Biancaea sappan / Caesalpinia sappan,干燥心材,hero,bc036-sumu-hero-v1.webp,1122,1402,WEBP,formal_hd_asset,yes,2daea682649a4c23cff2aa46b7e5fb25246fc244ba9a816127a4e20a1820da64,"File:Ceasalpinia sappan - Sappan Wood - കുചന്ദനം, പതിമുഖം, ചപ്പങ്ങം 01.jpg","https://commons.wikimedia.org/wiki/File:Ceasalpinia_sappan_-_Sappan_Wood_-_%E0%B4%95%E0%B5%81%E0%B4%9A%E0%B4%A8%E0%B5%8D%E0%B4%A6%E0%B4%A8%E0%B4%82,_%E0%B4%AA%E0%B4%A4%E0%B4%BF%E0%B4%AE%E0%B5%81%E0%B4%96%E0%B4%82,_%E0%B4%9A%E0%B4%AA%E0%B5%8D%E0%B4%AA%E0%B4%99%E0%B5%8D%E0%B4%99%E0%B4%82_01.jpg",2736,3648,Shijan Kaakkara,CC BY-SA 4.0,https://creativecommons.org/licenses/by-sa/4.0,Biancaea sappan heartwood
BC.036,苏木,Sappan Lignum,Biancaea sappan / Caesalpinia sappan,干燥心材,specimen,bc036-sumu-specimen-v1.webp,1122,1402,WEBP,formal_hd_asset,yes,8d5ee99ff27ad930fa70e412265f9a4b8b9f89aa7d611141103b0cb6dcb4ba0b,"File:Ceasalpinia sappan - Sappan Wood - കുചന്ദനം, പതിമുഖം, ചപ്പങ്ങം 02.jpg","https://commons.wikimedia.org/wiki/File:Ceasalpinia_sappan_-_Sappan_Wood_-_%E0%B4%95%E0%B5%81%E0%B4%9A%E0%B4%A8%E0%B5%8D%E0%B4%A6%E0%B4%A8%E0%B4%82,_%E0%B4%AA%E0%B4%A4%E0%B4%BF%E0%B4%AE%E0%B5%81%E0%B4%96%E0%B4%82,_%E0%B4%9A%E0%B4%AA%E0%B5%8D%E0%B4%AA%E0%B4%99%E0%B5%8D%E0%B4%99%E0%B4%82_02.jpg",2736,3648,Shijan Kaakkara,CC BY-SA 4.0,https://creativecommons.org/licenses/by-sa/4.0,Biancaea sappan heartwood
BC.036,苏木,Sappan Lignum,Biancaea sappan / Caesalpinia sappan,干燥心材,detail-01,bc036-sumu-detail-01-v1.webp,1122,1402,WEBP,formal_hd_asset,yes,8c4417386c19e581ef833e8c0e08f946be7a0d88cf2df0d83a4698d7182d4c90,File:Kayu Secang 2.jpg,https://commons.wikimedia.org/wiki/File:Kayu_Secang_2.jpg,3000,2000,Herusutimbul,CC BY-SA 4.0,https://creativecommons.org/licenses/by-sa/4.0,Biancaea sappan heartwood
BC.036,苏木,Sappan Lignum,Biancaea sappan / Caesalpinia sappan,干燥心材,detail-02,bc036-sumu-detail-02-v1.webp,1122,1402,WEBP,formal_hd_asset,yes,2960be56e8600308043c8b25323d06ab46fe9e38ad64143b5c164384bde053fe,"File:Ceasalpinia sappan - Sappan Wood - കുചന്ദനം, പതിമുഖം, ചപ്പങ്ങം 01.jpg","https://commons.wikimedia.org/wiki/File:Ceasalpinia_sappan_-_Sappan_Wood_-_%E0%B4%95%E0%B5%81%E0%B4%9A%E0%B4%A8%E0%B5%8D%E0%B4%A6%E0%B4%A8%E0%B4%82,_%E0%B4%AA%E0%B4%A4%E0%B4%BF%E0%B4%AE%E0%B5%81%E0%B4%96%E0%B4%82,_%E0%B4%9A%E0%B4%AA%E0%B5%8D%E0%B4%AA%E0%B4%99%E0%B5%8D%E0%B4%99%E0%B4%82_01.jpg",2736,3648,Shijan Kaakkara,CC BY-SA 4.0,https://creativecommons.org/licenses/by-sa/4.0,Biancaea sappan heartwood
BC.036,苏木,Sappan Lignum,Biancaea sappan / Caesalpinia sappan,干燥心材,detail-03,bc036-sumu-detail-03-v1.webp,1122,1402,WEBP,formal_hd_asset,yes,0268618eb3199f62f6ef678e0f9d04daab178eb4da5a5c2574c16d0983f91216,"File:Ceasalpinia sappan - Sappan Wood - കുചന്ദനം, പതിമുഖം, ചപ്പങ്ങം 02.jpg","https://commons.wikimedia.org/wiki/File:Ceasalpinia_sappan_-_Sappan_Wood_-_%E0%B4%95%E0%B5%81%E0%B4%9A%E0%B4%A8%E0%B5%8D%E0%B4%A6%E0%B4%A8%E0%B4%82,_%E0%B4%AA%E0%B4%A4%E0%B4%BF%E0%B4%AE%E0%B5%81%E0%B4%96%E0%B4%82,_%E0%B4%9A%E0%B4%AA%E0%B5%8D%E0%B4%AA%E0%B4%99%E0%B5%8D%E0%B4%99%E0%B4%82_02.jpg",2736,3648,Shijan Kaakkara,CC BY-SA 4.0,https://creativecommons.org/licenses/by-sa/4.0,Biancaea sappan heartwood
BC.036,苏木,Sappan Lignum,Biancaea sappan / Caesalpinia sappan,干燥心材,detail-04,bc036-sumu-detail-04-v1.webp,1122,1402,WEBP,formal_hd_asset,yes,81ad220088f8e64a34a86593a4c3b6bbcc12ed3a5f4c78819fbda3fd66715438,File:Kayu Secang 2.jpg,https://commons.wikimedia.org/wiki/File:Kayu_Secang_2.jpg,3000,2000,Herusutimbul,CC BY-SA 4.0,https://creativecommons.org/licenses/by-sa/4.0,Biancaea sappan heartwood
BC.036,苏木,Sappan Lignum,Biancaea sappan / Caesalpinia sappan,干燥心材,detail-05,bc036-sumu-detail-05-v1.webp,1122,1402,WEBP,formal_hd_asset,yes,612cc0b51c2dcdc71464d1588f9a2d5bcbe68f7ff7a5efc5d987b3377c247aa5,"File:Ceasalpinia sappan - Sappan Wood - കുചന്ദനം, പതിമുഖം, ചപ്പങ്ങം 01.jpg","https://commons.wikimedia.org/wiki/File:Ceasalpinia_sappan_-_Sappan_Wood_-_%E0%B4%95%E0%B5%81%E0%B4%9A%E0%B4%A8%E0%B5%8D%E0%B4%A6%E0%B4%A8%E0%B4%82,_%E0%B4%AA%E0%B4%A4%E0%B4%BF%E0%B4%AE%E0%B5%81%E0%B4%96%E0%B4%82,_%E0%B4%9A%E0%B4%AA%E0%B5%8D%E0%B4%AA%E0%B4%99%E0%B5%8D%E0%B4%99%E0%B4%82_01.jpg",2736,3648,Shijan Kaakkara,CC BY-SA 4.0,https://creativecommons.org/licenses/by-sa/4.0,Biancaea sappan heartwood
BC.037,栀子,Gardeniae Fructus,Gardenia jasminoides,干燥成熟果实,hero,bc037-zhizi-hero-v1.webp,1122,1402,WEBP,formal_hd_asset,yes,11a2a65c51a52be81d641afb7cdc5c43357a1395ac50a4cbc4aaf1e2518c0e7a,File:Dried gardenia seeds.jpg,https://commons.wikimedia.org/wiki/File:Dried_gardenia_seeds.jpg,2448,2448,Fumikas Sagisavas,CC0,http://creativecommons.org/publicdomain/zero/1.0/deed.en,Gardenia jasminoides
BC.037,栀子,Gardeniae Fructus,Gardenia jasminoides,干燥成熟果实,specimen,bc037-zhizi-specimen-v1.webp,1122,1402,WEBP,formal_hd_asset,yes,c9a4ab04230f8d8c36b1de16b9e5ee2d36d18312c6ed79ce1071531c33e496b6,File:Gardenia jasminoides fruit.jpg,https://commons.wikimedia.org/wiki/File:Gardenia_jasminoides_fruit.jpg,1920,1421,Alpsdake,CC BY-SA 3.0,https://creativecommons.org/licenses/by-sa/3.0,Gardenia jasminoides fruit
BC.037,栀子,Gardeniae Fructus,Gardenia jasminoides,干燥成熟果实,detail-01,bc037-zhizi-detail-01-v1.webp,1122,1402,WEBP,formal_hd_asset,yes,87099c420f96be9400f85386b31b97859d90424d6c60b6ec0790930ad1c68602,File:コクチナシ(小梔子)(Gardenia jasminoides Ellis var. radicans Makino)-実02 (5844531141).jpg,https://commons.wikimedia.org/wiki/File:%E3%82%B3%E3%82%AF%E3%83%81%E3%83%8A%E3%82%B7(%E5%B0%8F%E6%A2%94%E5%AD%90)(Gardenia_jasminoides_Ellis_var._radicans_Makino)-%E5%AE%9F02_(5844531141).jpg,2736,3648,yamatsu,CC0,http://creativecommons.org/publicdomain/zero/1.0/deed.en,Gardenia jasminoides fruit
BC.037,栀子,Gardeniae Fructus,Gardenia jasminoides,干燥成熟果实,detail-02,bc037-zhizi-detail-02-v1.webp,1122,1402,WEBP,formal_hd_asset,yes,3f18a12eefbd64c38b930289ff7fac5b3121049e49b74bb9dd7362a8280a8d52,File:Dried gardenia seeds.jpg,https://commons.wikimedia.org/wiki/File:Dried_gardenia_seeds.jpg,2448,2448,Fumikas Sagisavas,CC0,http://creativecommons.org/publicdomain/zero/1.0/deed.en,Gardenia jasminoides
BC.037,栀子,Gardeniae Fructus,Gardenia jasminoides,干燥成熟果实,detail-03,bc037-zhizi-detail-03-v1.webp,1122,1402,WEBP,formal_hd_asset,yes,a52769f6ecbb0e89a27962e2a1908c158ed05fd20ef5a75e3f54f6f0fb160e02,File:Gardenia jasminoides fruit.jpg,https://commons.wikimedia.org/wiki/File:Gardenia_jasminoides_fruit.jpg,1920,1421,Alpsdake,CC BY-SA 3.0,https://creativecommons.org/licenses/by-sa/3.0,Gardenia jasminoides fruit
BC.037,栀子,Gardeniae Fructus,Gardenia jasminoides,干燥成熟果实,detail-04,bc037-zhizi-detail-04-v1.webp,1122,1402,WEBP,formal_hd_asset,yes,8f95c0027ee5bd2c5510de0c74ed5f817ebe79d41825b5fe4a02e2f07d24a82b,File:コクチナシ(小梔子)(Gardenia jasminoides Ellis var. radicans Makino)-実02 (5844531141).jpg,https://commons.wikimedia.org/wiki/File:%E3%82%B3%E3%82%AF%E3%83%81%E3%83%8A%E3%82%B7(%E5%B0%8F%E6%A2%94%E5%AD%90)(Gardenia_jasminoides_Ellis_var._radicans_Makino)-%E5%AE%9F02_(5844531141).jpg,2736,3648,yamatsu,CC0,http://creativecommons.org/publicdomain/zero/1.0/deed.en,Gardenia jasminoides fruit
BC.037,栀子,Gardeniae Fructus,Gardenia jasminoides,干燥成熟果实,detail-05,bc037-zhizi-detail-05-v1.webp,1122,1402,WEBP,formal_hd_asset,yes,3e54a5aeba25c245f5cc7d273a37e2288fe8b3430c91b468fee4d3b29f2aaaf8,File:Dried gardenia seeds.jpg,https://commons.wikimedia.org/wiki/File:Dried_gardenia_seeds.jpg,2448,2448,Fumikas Sagisavas,CC0,http://creativecommons.org/publicdomain/zero/1.0/deed.en,Gardenia jasminoides
BC.038,枳实,Aurantii Fructus Immaturus,Citrus aurantium,干燥幼果,hero,bc038-zhishi-hero-v1.webp,1122,1402,WEBP,formal_hd_asset,yes,43c7aa017b279862541bb4cff2b046b16a652a68f15712b04498a18928540071,File:Citrus-aurantium-fruit.JPG,https://commons.wikimedia.org/wiki/File:Citrus-aurantium-fruit.JPG,1355,900,Sten Porse,CC BY-SA 3.0,https://creativecommons.org/licenses/by-sa/3.0,manual exact title
BC.038,枳实,Aurantii Fructus Immaturus,Citrus aurantium,干燥幼果,specimen,bc038-zhishi-specimen-v1.webp,1122,1402,WEBP,formal_hd_asset,yes,cc8ef40a401ce2fe7aed19d16ecb7550fd4deb886fa1d3e70e325121fefd2f4e,File:Citrus × aurantium - fruits cut.jpg,https://commons.wikimedia.org/wiki/File:Citrus_%C3%97_aurantium_-_fruits_cut.jpg,1020,569,Genet ( Diskussion ). Original uploader was Genet at German Wikipedia,CC BY-SA 3.0,https://creativecommons.org/licenses/by-sa/3.0,manual exact title
BC.038,枳实,Aurantii Fructus Immaturus,Citrus aurantium,干燥幼果,detail-01,bc038-zhishi-detail-01-v1.webp,1122,1402,WEBP,formal_hd_asset,yes,2534a7ade1ceb78d66121422559c3ba1b9df3f85be8a2edbda06a3e972ce99f6,File:Citrus aurantium.jpg,https://commons.wikimedia.org/wiki/File:Citrus_aurantium.jpg,2580,1720,A. Barra,CC BY-SA 4.0,https://creativecommons.org/licenses/by-sa/4.0,manual exact title
BC.038,枳实,Aurantii Fructus Immaturus,Citrus aurantium,干燥幼果,detail-02,bc038-zhishi-detail-02-v1.webp,1122,1402,WEBP,formal_hd_asset,yes,42724bd51b79ae9a83cae8c2913ab26993153ec6c2dcfbc4570e48288a8ec30a,File:Citrus-aurantium-fruit.JPG,https://commons.wikimedia.org/wiki/File:Citrus-aurantium-fruit.JPG,1355,900,Sten Porse,CC BY-SA 3.0,https://creativecommons.org/licenses/by-sa/3.0,manual exact title
BC.038,枳实,Aurantii Fructus Immaturus,Citrus aurantium,干燥幼果,detail-03,bc038-zhishi-detail-03-v1.webp,1122,1402,WEBP,formal_hd_asset,yes,d26db23780d39f869d18d2926a686211e4a7b1b2616c06928907f5edf025b7db,File:Citrus × aurantium - fruits cut.jpg,https://commons.wikimedia.org/wiki/File:Citrus_%C3%97_aurantium_-_fruits_cut.jpg,1020,569,Genet ( Diskussion ). Original uploader was Genet at German Wikipedia,CC BY-SA 3.0,https://creativecommons.org/licenses/by-sa/3.0,manual exact title
BC.038,枳实,Aurantii Fructus Immaturus,Citrus aurantium,干燥幼果,detail-04,bc038-zhishi-detail-04-v1.webp,1122,1402,WEBP,formal_hd_asset,yes,26fb8c9b345a896ad2c38eb60018cf08e2e80645a4c693b842204b663269b3c7,File:Citrus aurantium.jpg,https://commons.wikimedia.org/wiki/File:Citrus_aurantium.jpg,2580,1720,A. Barra,CC BY-SA 4.0,https://creativecommons.org/licenses/by-sa/4.0,manual exact title
BC.038,枳实,Aurantii Fructus Immaturus,Citrus aurantium,干燥幼果,detail-05,bc038-zhishi-detail-05-v1.webp,1122,1402,WEBP,formal_hd_asset,yes,fde36b4eaf36a992cade58580c4add062dbb96f1e2d01362386b74488770fd88,File:Citrus-aurantium-fruit.JPG,https://commons.wikimedia.org/wiki/File:Citrus-aurantium-fruit.JPG,1355,900,Sten Porse,CC BY-SA 3.0,https://creativecommons.org/licenses/by-sa/3.0,manual exact title
BC.039,佛手,Citri Sarcodactylis Fructus,Citrus medica var. sarcodactylis,干燥果实,hero,bc039-foshou-hero-v1.webp,1122,1402,WEBP,formal_hd_asset,yes,2a3b0f41462a93971816a6f9c2a887775fe486563b6f244ecb3fedb6862b2df7,File:20260317 Citrus medica var. sarcodactylis.jpg,https://commons.wikimedia.org/wiki/File:20260317_Citrus_medica_var._sarcodactylis.jpg,3078,4617,Flocci Nivis,CC BY 4.0,https://creativecommons.org/licenses/by/4.0,Citrus medica sarcodactylis fruit
BC.039,佛手,Citri Sarcodactylis Fructus,Citrus medica var. sarcodactylis,干燥果实,specimen,bc039-foshou-specimen-v1.webp,1122,1402,WEBP,formal_hd_asset,yes,c8a9abb869add59b61530358117880c9e03fbce139c3f4ac1e1cf49738c55b93,File:Starr-151228-3332-Citrus medica var sarcodactylus-ripe fruit-Hawea Pl Olinda-Maui (26259505686).jpg,https://commons.wikimedia.org/wiki/File:Starr-151228-3332-Citrus_medica_var_sarcodactylus-ripe_fruit-Hawea_Pl_Olinda-Maui_(26259505686).jpg,3456,4608,Forest and Kim Starr,CC BY 3.0 us,https://creativecommons.org/licenses/by/3.0/us/deed.en,Buddha hand citron
BC.039,佛手,Citri Sarcodactylis Fructus,Citrus medica var. sarcodactylis,干燥果实,detail-01,bc039-foshou-detail-01-v1.webp,1122,1402,WEBP,formal_hd_asset,yes,e354501f8c9919fcb7e30e923a0f1d841f7006eec62aa021afa7f59ed9e4e606,File:Starr-161031-0002-Citrus medica var sarcodactylus-fruit-Hawea Pl Olinda-Maui (31243024585).jpg,https://commons.wikimedia.org/wiki/File:Starr-161031-0002-Citrus_medica_var_sarcodactylus-fruit-Hawea_Pl_Olinda-Maui_(31243024585).jpg,4608,3456,Forest and Kim Starr,CC BY 3.0 us,https://creativecommons.org/licenses/by/3.0/us/deed.en,Buddha hand citron
BC.039,佛手,Citri Sarcodactylis Fructus,Citrus medica var. sarcodactylis,干燥果实,detail-02,bc039-foshou-detail-02-v1.webp,1122,1402,WEBP,formal_hd_asset,yes,d53c0a7ca09a6c34c4f611c0b91fdb4b3a921b6ee14fa98e343ad668201bd405,File:20260317 Citrus medica var. sarcodactylis.jpg,https://commons.wikimedia.org/wiki/File:20260317_Citrus_medica_var._sarcodactylis.jpg,3078,4617,Flocci Nivis,CC BY 4.0,https://creativecommons.org/licenses/by/4.0,Citrus medica sarcodactylis fruit
BC.039,佛手,Citri Sarcodactylis Fructus,Citrus medica var. sarcodactylis,干燥果实,detail-03,bc039-foshou-detail-03-v1.webp,1122,1402,WEBP,formal_hd_asset,yes,dc3d6f568691af5a20132a8879d4d1731005d667128c428dfd42ea3df1645c4d,File:Starr-151228-3332-Citrus medica var sarcodactylus-ripe fruit-Hawea Pl Olinda-Maui (26259505686).jpg,https://commons.wikimedia.org/wiki/File:Starr-151228-3332-Citrus_medica_var_sarcodactylus-ripe_fruit-Hawea_Pl_Olinda-Maui_(26259505686).jpg,3456,4608,Forest and Kim Starr,CC BY 3.0 us,https://creativecommons.org/licenses/by/3.0/us/deed.en,Buddha hand citron
BC.039,佛手,Citri Sarcodactylis Fructus,Citrus medica var. sarcodactylis,干燥果实,detail-04,bc039-foshou-detail-04-v1.webp,1122,1402,WEBP,formal_hd_asset,yes,d98f4c46f2427c097ae05722f41bb6bd0af425ff85df2c5d01b8276674965a76,File:Starr-161031-0002-Citrus medica var sarcodactylus-fruit-Hawea Pl Olinda-Maui (31243024585).jpg,https://commons.wikimedia.org/wiki/File:Starr-161031-0002-Citrus_medica_var_sarcodactylus-fruit-Hawea_Pl_Olinda-Maui_(31243024585).jpg,4608,3456,Forest and Kim Starr,CC BY 3.0 us,https://creativecommons.org/licenses/by/3.0/us/deed.en,Buddha hand citron
BC.039,佛手,Citri Sarcodactylis Fructus,Citrus medica var. sarcodactylis,干燥果实,detail-05,bc039-foshou-detail-05-v1.webp,1122,1402,WEBP,formal_hd_asset,yes,03eb230407f2ced6a072fd13c177bc9ba445365d9b9ef7d3c16a54e650c49410,File:20260317 Citrus medica var. sarcodactylis.jpg,https://commons.wikimedia.org/wiki/File:20260317_Citrus_medica_var._sarcodactylis.jpg,3078,4617,Flocci Nivis,CC BY 4.0,https://creativecommons.org/licenses/by/4.0,Citrus medica sarcodactylis fruit
BC.040,乌梅,Mume Fructus,Prunus mume,干燥近成熟果实,hero,bc040-wumei-hero-v1.webp,1122,1402,WEBP,formal_hd_asset,yes,ec5a6d82056694ac267aa513db100f1bad6a259696592d7d870d2353b5658877,File:Buai khem.jpg,https://commons.wikimedia.org/wiki/File:Buai_khem.jpg,2560,2048,Takeaway,CC BY-SA 3.0,https://creativecommons.org/licenses/by-sa/3.0,Prunus mume fruit
BC.040,乌梅,Mume Fructus,Prunus mume,干燥近成熟果实,specimen,bc040-wumei-specimen-v1.webp,1122,1402,WEBP,formal_hd_asset,yes,438123e61811e4a3fa50760e4024657e77c756afc6b2fd6fa7e86307e327f00c,File:Pickledmai.jpg,https://commons.wikimedia.org/wiki/File:Pickledmai.jpg,1536,2048,Badagnani,CC BY 3.0,https://creativecommons.org/licenses/by/3.0,Prunus mume fruit
BC.040,乌梅,Mume Fructus,Prunus mume,干燥近成熟果实,detail-01,bc040-wumei-detail-01-v1.webp,1122,1402,WEBP,formal_hd_asset,yes,e5e843b5a24bedf5faa7be3dac965a884e374f73c29bf13ddbb823138eb91eb4,File:Maesil (prunus mume) washed and stemmed.jpg,https://commons.wikimedia.org/wiki/File:Maesil_(prunus_mume)_washed_and_stemmed.jpg,900,650,딸기맘양갱이,CC BY 2.5,https://creativecommons.org/licenses/by/2.5,Japanese apricot fruit
BC.040,乌梅,Mume Fructus,Prunus mume,干燥近成熟果实,detail-02,bc040-wumei-detail-02-v1.webp,1122,1402,WEBP,formal_hd_asset,yes,314f9973954c48f749bc3dbd6cf82409ab7025fc5e55035d8edf33dd10f4c37f,File:Buai khem.jpg,https://commons.wikimedia.org/wiki/File:Buai_khem.jpg,2560,2048,Takeaway,CC BY-SA 3.0,https://creativecommons.org/licenses/by-sa/3.0,Prunus mume fruit
BC.040,乌梅,Mume Fructus,Prunus mume,干燥近成熟果实,detail-03,bc040-wumei-detail-03-v1.webp,1122,1402,WEBP,formal_hd_asset,yes,19b6e18e91e28cc24793f5342f3975ff1fc53f6a8cafecd5ddf480547d1e0930,File:Pickledmai.jpg,https://commons.wikimedia.org/wiki/File:Pickledmai.jpg,1536,2048,Badagnani,CC BY 3.0,https://creativecommons.org/licenses/by/3.0,Prunus mume fruit
BC.040,乌梅,Mume Fructus,Prunus mume,干燥近成熟果实,detail-04,bc040-wumei-detail-04-v1.webp,1122,1402,WEBP,formal_hd_asset,yes,b0ba92e9d83fe3e670d8e429aa4398dafee4e60ccf9d8c56a5e2e5e219d43b67,File:Maesil (prunus mume) washed and stemmed.jpg,https://commons.wikimedia.org/wiki/File:Maesil_(prunus_mume)_washed_and_stemmed.jpg,900,650,딸기맘양갱이,CC BY 2.5,https://creativecommons.org/licenses/by/2.5,Japanese apricot fruit
BC.040,乌梅,Mume Fructus,Prunus mume,干燥近成熟果实,detail-05,bc040-wumei-detail-05-v1.webp,1122,1402,WEBP,formal_hd_asset,yes,235ced6e62f0cf32c14d0be866cee30e0914e17c46e9c17d85fdebb77bc8a70d,File:Buai khem.jpg,https://commons.wikimedia.org/wiki/File:Buai_khem.jpg,2560,2048,Takeaway,CC BY-SA 3.0,https://creativecommons.org/licenses/by-sa/3.0,Prunus mume fruit
BC.046,车前子,Plantaginis Semen,Plantago asiatica / Plantago depressa,干燥成熟种子,hero,bc046-cheqianzi-hero-v1.webp,1122,1402,WEBP,formal_hd_asset,yes,7a4e4c0e29ade2b580da0eb9140a74ddc376955315880aa3a9670c8fce0f5858,File:Starr-130318-2625-Plantago major-seeds-Kilauea Pt NWR-Kauai (25207733525).jpg,https://commons.wikimedia.org/wiki/File:Starr-130318-2625-Plantago_major-seeds-Kilauea_Pt_NWR-Kauai_(25207733525).jpg,2736,3648,Forest and Kim Starr,CC BY 3.0 us,https://creativecommons.org/licenses/by/3.0/us/deed.en,manual exact title
BC.046,车前子,Plantaginis Semen,Plantago asiatica / Plantago depressa,干燥成熟种子,specimen,bc046-cheqianzi-specimen-v1.webp,1122,1402,WEBP,formal_hd_asset,yes,98709ca5dd9dcd6165d6703c843b327a04b95af5d2029ab76d104137570baaba,File:Grote weegbree zaden (Plantago major subsp. major seeds).jpg,https://commons.wikimedia.org/wiki/File:Grote_weegbree_zaden_(Plantago_major_subsp._major_seeds).jpg,920,700,Rasbak,CC BY-SA 3.0,http://creativecommons.org/licenses/by-sa/3.0/,manual exact title
BC.046,车前子,Plantaginis Semen,Plantago asiatica / Plantago depressa,干燥成熟种子,detail-01,bc046-cheqianzi-detail-01-v1.webp,1122,1402,WEBP,formal_hd_asset,yes,16d7b44cd1d98fa1bac757d08386e23a2abe9006bbee3ac184e63c6b93656f08,File:Plantain seeds.jpg,https://commons.wikimedia.org/wiki/File:Plantain_seeds.jpg,3024,4032,Denis Bastianelli,CC BY 4.0,https://creativecommons.org/licenses/by/4.0,manual exact title
BC.046,车前子,Plantaginis Semen,Plantago asiatica / Plantago depressa,干燥成熟种子,detail-02,bc046-cheqianzi-detail-02-v1.webp,1122,1402,WEBP,formal_hd_asset,yes,5afa038cc0798002f5818ce87dfe365ca9a596e3d4fccc7394af6fc138e9c39c,File:Starr-130318-2625-Plantago major-seeds-Kilauea Pt NWR-Kauai (25207733525).jpg,https://commons.wikimedia.org/wiki/File:Starr-130318-2625-Plantago_major-seeds-Kilauea_Pt_NWR-Kauai_(25207733525).jpg,2736,3648,Forest and Kim Starr,CC BY 3.0 us,https://creativecommons.org/licenses/by/3.0/us/deed.en,manual exact title
BC.046,车前子,Plantaginis Semen,Plantago asiatica / Plantago depressa,干燥成熟种子,detail-03,bc046-cheqianzi-detail-03-v1.webp,1122,1402,WEBP,formal_hd_asset,yes,094a6a023f787bd19571d7edf5a46be77dde457f8ff9958b83b8346225c8e021,File:Grote weegbree zaden (Plantago major subsp. major seeds).jpg,https://commons.wikimedia.org/wiki/File:Grote_weegbree_zaden_(Plantago_major_subsp._major_seeds).jpg,920,700,Rasbak,CC BY-SA 3.0,http://creativecommons.org/licenses/by-sa/3.0/,manual exact title
BC.046,车前子,Plantaginis Semen,Plantago asiatica / Plantago depressa,干燥成熟种子,detail-04,bc046-cheqianzi-detail-04-v1.webp,1122,1402,WEBP,formal_hd_asset,yes,5ab386dce46ddda6940f07f4d0d578d0d177ef92b481a4169e11682dd37ef6b3,File:Plantain seeds.jpg,https://commons.wikimedia.org/wiki/File:Plantain_seeds.jpg,3024,4032,Denis Bastianelli,CC BY 4.0,https://creativecommons.org/licenses/by/4.0,manual exact title
BC.046,车前子,Plantaginis Semen,Plantago asiatica / Plantago depressa,干燥成熟种子,detail-05,bc046-cheqianzi-detail-05-v1.webp,1122,1402,WEBP,formal_hd_asset,yes,a00007a016f7d721635d11662bbbba4923b6cde8c716eb03a14c66424bd0cc40,File:Starr-130318-2625-Plantago major-seeds-Kilauea Pt NWR-Kauai (25207733525).jpg,https://commons.wikimedia.org/wiki/File:Starr-130318-2625-Plantago_major-seeds-Kilauea_Pt_NWR-Kauai_(25207733525).jpg,2736,3648,Forest and Kim Starr,CC BY 3.0 us,https://creativecommons.org/licenses/by/3.0/us/deed.en,manual exact title
